ERC report (2026-09-13T21:53:05, Encoding UTF8)
Report includes: Errors, Warnings, Exclusions

***** Sheet /
[endpoint_off_grid]: Symbol pin or wire end off connection grid
    ; warning
    @(2556 mils, 6711 mils): Horizontal Wire, length 300 mils
[endpoint_off_grid]: Symbol pin or wire end off connection grid
    ; warning
    @(2556 mils, 6711 mils): Symbol U1 Pin 1 [IN, Power input, Line]
[endpoint_off_grid]: Symbol pin or wire end off connection grid
    ; warning
    @(2556 mils, 6911 mils): Horizontal Wire, length 300 mils
[endpoint_off_grid]: Symbol pin or wire end off connection grid
    ; warning
    @(2753 mils, 1969 mils): Horizontal Wire, length 300 mils
[endpoint_off_grid]: Symbol pin or wire end off connection grid
    ; warning
    @(2753 mils, 2913 mils): Symbol C1 Pin 1 [Passive, Line]
[endpoint_off_grid]: Symbol pin or wire end off connection grid
    ; warning
    @(2753 mils, 2913 mils): Horizontal Wire, length 300 mils
[endpoint_off_grid]: Symbol pin or wire end off connection grid
    ; warning
    @(2753 mils, 3858 mils): Horizontal Wire, length 300 mils
[endpoint_off_grid]: Symbol pin or wire end off connection grid
    ; warning
    @(2753 mils, 4803 mils): Horizontal Wire, length 300 mils
[endpoint_off_grid]: Symbol pin or wire end off connection grid
    ; warning
    @(2753 mils, 4803 mils): Symbol C4 Pin 1 [Passive, Line]
[endpoint_off_grid]: Symbol pin or wire end off connection grid
    ; warning
    @(3153 mils, 1969 mils): Horizontal Wire, length 300 mils
[endpoint_off_grid]: Symbol pin or wire end off connection grid
    ; warning
    @(3153 mils, 1969 mils): Symbol F1 Pin 2 [Passive, Line]
[endpoint_off_grid]: Symbol pin or wire end off connection grid
    ; warning
    @(3153 mils, 2913 mils): Horizontal Wire, length 300 mils
[endpoint_off_grid]: Symbol pin or wire end off connection grid
    ; warning
    @(3153 mils, 3858 mils): Symbol C3 Pin 2 [Passive, Line]
[endpoint_off_grid]: Symbol pin or wire end off connection grid
    ; warning
    @(3153 mils, 3858 mils): Horizontal Wire, length 300 mils
[endpoint_off_grid]: Symbol pin or wire end off connection grid
    ; warning
    @(3153 mils, 4803 mils): Horizontal Wire, length 300 mils
[endpoint_off_grid]: Symbol pin or wire end off connection grid
    ; warning
    @(4531 mils, 6811 mils): Horizontal Wire, length 300 mils
[endpoint_off_grid]: Symbol pin or wire end off connection grid
    ; warning
    @(7871 mils, 1969 mils): Symbol D1 Pin 1 [K, Passive, Line]
[endpoint_off_grid]: Symbol pin or wire end off connection grid
    ; warning
    @(7871 mils, 1969 mils): Horizontal Wire, length 300 mils
[endpoint_off_grid]: Symbol pin or wire end off connection grid
    ; warning
    @(7871 mils, 2913 mils): Horizontal Wire, length 300 mils
[endpoint_off_grid]: Symbol pin or wire end off connection grid
    ; warning
    @(7871 mils, 3858 mils): Symbol F2 Pin 1 [Passive, Line]
[endpoint_off_grid]: Symbol pin or wire end off connection grid
    ; warning
    @(7871 mils, 3858 mils): Horizontal Wire, length 300 mils
[endpoint_off_grid]: Symbol pin or wire end off connection grid
    ; warning
    @(7871 mils, 4803 mils): Horizontal Wire, length 300 mils
[endpoint_off_grid]: Symbol pin or wire end off connection grid
    ; warning
    @(8271 mils, 1969 mils): Horizontal Wire, length 300 mils
[endpoint_off_grid]: Symbol pin or wire end off connection grid
    ; warning
    @(8271 mils, 2913 mils): Symbol C2 Pin 2 [Passive, Line]
[endpoint_off_grid]: Symbol pin or wire end off connection grid
    ; warning
    @(8271 mils, 2913 mils): Horizontal Wire, length 300 mils
[endpoint_off_grid]: Symbol pin or wire end off connection grid
    ; warning
    @(8271 mils, 3858 mils): Horizontal Wire, length 300 mils
[endpoint_off_grid]: Symbol pin or wire end off connection grid
    ; warning
    @(8271 mils, 4803 mils): Symbol C5 Pin 2 [Passive, Line]
[endpoint_off_grid]: Symbol pin or wire end off connection grid
    ; warning
    @(8271 mils, 4803 mils): Horizontal Wire, length 300 mils
[endpoint_off_grid]: Symbol pin or wire end off connection grid
    ; warning
    @(12989 mils, 1969 mils): Horizontal Wire, length 300 mils
[endpoint_off_grid]: Symbol pin or wire end off connection grid
    ; warning
    @(12989 mils, 1969 mils): Symbol D2 Pin 1 [K, Passive, Line]
[endpoint_off_grid]: Symbol pin or wire end off connection grid
    ; warning
    @(12989 mils, 2913 mils): Horizontal Wire, length 300 mils
[endpoint_off_grid]: Symbol pin or wire end off connection grid
    ; warning
    @(12989 mils, 2913 mils): Symbol D3 Pin 1 [K, Passive, Line]
[endpoint_off_grid]: Symbol pin or wire end off connection grid
    ; warning
    @(12989 mils, 3858 mils): Symbol D4 Pin 1 [K, Passive, Line]
[endpoint_off_grid]: Symbol pin or wire end off connection grid
    ; warning
    @(12989 mils, 3858 mils): Horizontal Wire, length 300 mils
[endpoint_off_grid]: Symbol pin or wire end off connection grid
    ; warning
    @(13389 mils, 1969 mils): Horizontal Wire, length 300 mils
[endpoint_off_grid]: Symbol pin or wire end off connection grid
    ; warning
    @(13389 mils, 2913 mils): Horizontal Wire, length 300 mils
[endpoint_off_grid]: Symbol pin or wire end off connection grid
    ; warning
    @(13389 mils, 3858 mils): Horizontal Wire, length 300 mils
[endpoint_off_grid]: Symbol pin or wire end off connection grid
    ; warning
    @(2753 mils, 1969 mils): Horizontal Wire, length 300 mils
[endpoint_off_grid]: Symbol pin or wire end off connection grid
    ; warning
    @(2753 mils, 1969 mils): Symbol NT1 Pin 1 [Passive, Line]
[endpoint_off_grid]: Symbol pin or wire end off connection grid
    ; warning
    @(2753 mils, 2913 mils): Symbol L1 Pin 1 [Passive, Line]
[endpoint_off_grid]: Symbol pin or wire end off connection grid
    ; warning
    @(2753 mils, 2913 mils): Horizontal Wire, length 300 mils
[endpoint_off_grid]: Symbol pin or wire end off connection grid
    ; warning
    @(2753 mils, 3858 mils): Symbol L2 Pin 1 [Passive, Line]
[endpoint_off_grid]: Symbol pin or wire end off connection grid
    ; warning
    @(2753 mils, 3858 mils): Horizontal Wire, length 300 mils
[endpoint_off_grid]: Symbol pin or wire end off connection grid
    ; warning
    @(2753 mils, 4803 mils): Symbol C9 Pin 1 [Passive, Line]
[endpoint_off_grid]: Symbol pin or wire end off connection grid
    ; warning
    @(2753 mils, 4803 mils): Horizontal Wire, length 300 mils
[endpoint_off_grid]: Symbol pin or wire end off connection grid
    ; warning
    @(3153 mils, 1969 mils): Horizontal Wire, length 300 mils
[endpoint_off_grid]: Symbol pin or wire end off connection grid
    ; warning
    @(3153 mils, 2913 mils): Horizontal Wire, length 300 mils
[endpoint_off_grid]: Symbol pin or wire end off connection grid
    ; warning
    @(3153 mils, 3858 mils): Horizontal Wire, length 300 mils
[endpoint_off_grid]: Symbol pin or wire end off connection grid
    ; warning
    @(3153 mils, 4803 mils): Horizontal Wire, length 300 mils
[endpoint_off_grid]: Symbol pin or wire end off connection grid
    ; warning
    @(7871 mils, 1969 mils): Horizontal Wire, length 300 mils
[endpoint_off_grid]: Symbol pin or wire end off connection grid
    ; warning
    @(7871 mils, 1969 mils): Symbol NT2 Pin 1 [Passive, Line]
[endpoint_off_grid]: Symbol pin or wire end off connection grid
    ; warning
    @(7871 mils, 2913 mils): Horizontal Wire, length 300 mils
[endpoint_off_grid]: Symbol pin or wire end off connection grid
    ; warning
    @(7871 mils, 3858 mils): Horizontal Wire, length 300 mils
[endpoint_off_grid]: Symbol pin or wire end off connection grid
    ; warning
    @(7871 mils, 4803 mils): Horizontal Wire, length 300 mils
[endpoint_off_grid]: Symbol pin or wire end off connection grid
    ; warning
    @(8271 mils, 1969 mils): Horizontal Wire, length 300 mils
[endpoint_off_grid]: Symbol pin or wire end off connection grid
    ; warning
    @(8271 mils, 2913 mils): Symbol C6 Pin 2 [Passive, Line]
[endpoint_off_grid]: Symbol pin or wire end off connection grid
    ; warning
    @(8271 mils, 2913 mils): Horizontal Wire, length 300 mils
[endpoint_off_grid]: Symbol pin or wire end off connection grid
    ; warning
    @(8271 mils, 3858 mils): Symbol F3 Pin 2 [Passive, Line]
[endpoint_off_grid]: Symbol pin or wire end off connection grid
    ; warning
    @(8271 mils, 3858 mils): Horizontal Wire, length 300 mils
[endpoint_off_grid]: Symbol pin or wire end off connection grid
    ; warning
    @(8271 mils, 4803 mils): Symbol R2 Pin 2 [Passive, Line]
[endpoint_off_grid]: Symbol pin or wire end off connection grid
    ; warning
    @(8271 mils, 4803 mils): Horizontal Wire, length 300 mils
[endpoint_off_grid]: Symbol pin or wire end off connection grid
    ; warning
    @(12989 mils, 1969 mils): Horizontal Wire, length 300 mils
[endpoint_off_grid]: Symbol pin or wire end off connection grid
    ; warning
    @(12989 mils, 2913 mils): Horizontal Wire, length 300 mils
[endpoint_off_grid]: Symbol pin or wire end off connection grid
    ; warning
    @(12989 mils, 2913 mils): Symbol C7 Pin 1 [Passive, Line]
[endpoint_off_grid]: Symbol pin or wire end off connection grid
    ; warning
    @(12989 mils, 3858 mils): Horizontal Wire, length 300 mils
[endpoint_off_grid]: Symbol pin or wire end off connection grid
    ; warning
    @(13389 mils, 1969 mils): Horizontal Wire, length 300 mils
[endpoint_off_grid]: Symbol pin or wire end off connection grid
    ; warning
    @(13389 mils, 1969 mils): Symbol R1 Pin 2 [Passive, Line]
[endpoint_off_grid]: Symbol pin or wire end off connection grid
    ; warning
    @(13389 mils, 2913 mils): Horizontal Wire, length 300 mils
[endpoint_off_grid]: Symbol pin or wire end off connection grid
    ; warning
    @(13389 mils, 3858 mils): Symbol C8 Pin 2 [Passive, Line]
[endpoint_off_grid]: Symbol pin or wire end off connection grid
    ; warning
    @(13389 mils, 3858 mils): Horizontal Wire, length 300 mils
[endpoint_off_grid]: Symbol pin or wire end off connection grid
    ; warning
    @(2950 mils, 8150 mils): Horizontal Wire, length 300 mils
[endpoint_off_grid]: Symbol pin or wire end off connection grid
    ; warning
    @(3350 mils, 8150 mils): Horizontal Wire, length 300 mils
[endpoint_off_grid]: Symbol pin or wire end off connection grid
    ; warning
    @(3350 mils, 8150 mils): Symbol C10 Pin 2 [Passive, Line]
[endpoint_off_grid]: Symbol pin or wire end off connection grid
    ; warning
    @(6493 mils, 2509 mils): Horizontal Wire, length 300 mils
[endpoint_off_grid]: Symbol pin or wire end off connection grid
    ; warning
    @(6493 mils, 2709 mils): Horizontal Wire, length 300 mils
[endpoint_off_grid]: Symbol pin or wire end off connection grid
    ; warning
    @(6493 mils, 3509 mils): Horizontal Wire, length 300 mils
[endpoint_off_grid]: Symbol pin or wire end off connection grid
    ; warning
    @(6493 mils, 3709 mils): Horizontal Wire, length 300 mils
[endpoint_off_grid]: Symbol pin or wire end off connection grid
    ; warning
    @(6493 mils, 3909 mils): Horizontal Wire, length 300 mils
[endpoint_off_grid]: Symbol pin or wire end off connection grid
    ; warning
    @(6493 mils, 4309 mils): Horizontal Wire, length 300 mils
[endpoint_off_grid]: Symbol pin or wire end off connection grid
    ; warning
    @(6493 mils, 4509 mils): Horizontal Wire, length 300 mils
[endpoint_off_grid]: Symbol pin or wire end off connection grid
    ; warning
    @(6493 mils, 4709 mils): Horizontal Wire, length 300 mils
[endpoint_off_grid]: Symbol pin or wire end off connection grid
    ; warning
    @(6493 mils, 4909 mils): Horizontal Wire, length 300 mils
[endpoint_off_grid]: Symbol pin or wire end off connection grid
    ; warning
    @(6493 mils, 5109 mils): Horizontal Wire, length 300 mils
[endpoint_off_grid]: Symbol pin or wire end off connection grid
    ; warning
    @(6493 mils, 5309 mils): Horizontal Wire, length 300 mils
[endpoint_off_grid]: Symbol pin or wire end off connection grid
    ; warning
    @(6493 mils, 5509 mils): Horizontal Wire, length 300 mils
[endpoint_off_grid]: Symbol pin or wire end off connection grid
    ; warning
    @(6493 mils, 5709 mils): Horizontal Wire, length 300 mils
[endpoint_off_grid]: Symbol pin or wire end off connection grid
    ; warning
    @(6493 mils, 5909 mils): Horizontal Wire, length 300 mils
[endpoint_off_grid]: Symbol pin or wire end off connection grid
    ; warning
    @(6493 mils, 6109 mils): Horizontal Wire, length 300 mils
[endpoint_off_grid]: Symbol pin or wire end off connection grid
    ; warning
    @(6493 mils, 6309 mils): Horizontal Wire, length 300 mils
[endpoint_off_grid]: Symbol pin or wire end off connection grid
    ; warning
    @(8861 mils, 2909 mils): Horizontal Wire, length 300 mils
[endpoint_off_grid]: Symbol pin or wire end off connection grid
    ; warning
    @(8861 mils, 3109 mils): Horizontal Wire, length 300 mils
[endpoint_off_grid]: Symbol pin or wire end off connection grid
    ; warning
    @(8861 mils, 3309 mils): Horizontal Wire, length 300 mils
[endpoint_off_grid]: Symbol pin or wire end off connection grid
    ; warning
    @(8861 mils, 3509 mils): Horizontal Wire, length 300 mils
[endpoint_off_grid]: Symbol pin or wire end off connection grid
    ; warning
    @(8861 mils, 3709 mils): Horizontal Wire, length 300 mils
[endpoint_off_grid]: Symbol pin or wire end off connection grid
    ; warning
    @(8861 mils, 3909 mils): Horizontal Wire, length 300 mils
[endpoint_off_grid]: Symbol pin or wire end off connection grid
    ; warning
    @(8861 mils, 4109 mils): Horizontal Wire, length 300 mils
[endpoint_off_grid]: Symbol pin or wire end off connection grid
    ; warning
    @(8861 mils, 4309 mils): Horizontal Wire, length 300 mils
[endpoint_off_grid]: Symbol pin or wire end off connection grid
    ; warning
    @(8861 mils, 4509 mils): Horizontal Wire, length 300 mils
[endpoint_off_grid]: Symbol pin or wire end off connection grid
    ; warning
    @(8861 mils, 4709 mils): Horizontal Wire, length 300 mils
[endpoint_off_grid]: Symbol pin or wire end off connection grid
    ; warning
    @(8861 mils, 4909 mils): Horizontal Wire, length 300 mils
[endpoint_off_grid]: Symbol pin or wire end off connection grid
    ; warning
    @(8861 mils, 4909 mils): Symbol J100 Pin 28 [AD5_EGO1, Passive, Line]
[endpoint_off_grid]: Symbol pin or wire end off connection grid
    ; warning
    @(8861 mils, 5109 mils): Horizontal Wire, length 300 mils
[endpoint_off_grid]: Symbol pin or wire end off connection grid
    ; warning
    @(8861 mils, 5309 mils): Horizontal Wire, length 300 mils
[endpoint_off_grid]: Symbol pin or wire end off connection grid
    ; warning
    @(8861 mils, 5509 mils): Horizontal Wire, length 300 mils
[endpoint_off_grid]: Symbol pin or wire end off connection grid
    ; warning
    @(8861 mils, 5709 mils): Horizontal Wire, length 300 mils
[endpoint_off_grid]: Symbol pin or wire end off connection grid
    ; warning
    @(8861 mils, 5909 mils): Horizontal Wire, length 300 mils
[endpoint_off_grid]: Symbol pin or wire end off connection grid
    ; warning
    @(8861 mils, 6109 mils): Horizontal Wire, length 300 mils
[endpoint_off_grid]: Symbol pin or wire end off connection grid
    ; warning
    @(8861 mils, 6309 mils): Horizontal Wire, length 300 mils
[endpoint_off_grid]: Symbol pin or wire end off connection grid
    ; warning
    @(4052 mils, 2691 mils): Horizontal Wire, length 300 mils
[endpoint_off_grid]: Symbol pin or wire end off connection grid
    ; warning
    @(4052 mils, 2891 mils): Horizontal Wire, length 300 mils
[endpoint_off_grid]: Symbol pin or wire end off connection grid
    ; warning
    @(4052 mils, 3291 mils): Horizontal Wire, length 300 mils
[endpoint_off_grid]: Symbol pin or wire end off connection grid
    ; warning
    @(4052 mils, 3491 mils): Horizontal Wire, length 300 mils
[endpoint_off_grid]: Symbol pin or wire end off connection grid
    ; warning
    @(4052 mils, 3691 mils): Horizontal Wire, length 300 mils
[endpoint_off_grid]: Symbol pin or wire end off connection grid
    ; warning
    @(4052 mils, 3891 mils): Horizontal Wire, length 300 mils
[endpoint_off_grid]: Symbol pin or wire end off connection grid
    ; warning
    @(4052 mils, 4091 mils): Horizontal Wire, length 300 mils
[endpoint_off_grid]: Symbol pin or wire end off connection grid
    ; warning
    @(4052 mils, 4291 mils): Horizontal Wire, length 300 mils
[endpoint_off_grid]: Symbol pin or wire end off connection grid
    ; warning
    @(4052 mils, 4491 mils): Horizontal Wire, length 300 mils
[endpoint_off_grid]: Symbol pin or wire end off connection grid
    ; warning
    @(4052 mils, 4691 mils): Horizontal Wire, length 300 mils
[endpoint_off_grid]: Symbol pin or wire end off connection grid
    ; warning
    @(4052 mils, 4891 mils): Horizontal Wire, length 300 mils
[endpoint_off_grid]: Symbol pin or wire end off connection grid
    ; warning
    @(4052 mils, 5091 mils): Horizontal Wire, length 300 mils
[endpoint_off_grid]: Symbol pin or wire end off connection grid
    ; warning
    @(4052 mils, 5491 mils): Horizontal Wire, length 300 mils
[endpoint_off_grid]: Symbol pin or wire end off connection grid
    ; warning
    @(4052 mils, 5691 mils): Horizontal Wire, length 300 mils
[endpoint_off_grid]: Symbol pin or wire end off connection grid
    ; warning
    @(4052 mils, 5891 mils): Horizontal Wire, length 300 mils
[endpoint_off_grid]: Symbol pin or wire end off connection grid
    ; warning
    @(6184 mils, 2691 mils): Horizontal Wire, length 300 mils
[endpoint_off_grid]: Symbol pin or wire end off connection grid
    ; warning
    @(6184 mils, 3491 mils): Horizontal Wire, length 300 mils
[endpoint_off_grid]: Symbol pin or wire end off connection grid
    ; warning
    @(6184 mils, 3691 mils): Horizontal Wire, length 300 mils
[endpoint_off_grid]: Symbol pin or wire end off connection grid
    ; warning
    @(6184 mils, 3891 mils): Horizontal Wire, length 300 mils
[endpoint_off_grid]: Symbol pin or wire end off connection grid
    ; warning
    @(6184 mils, 4091 mils): Horizontal Wire, length 300 mils
[endpoint_off_grid]: Symbol pin or wire end off connection grid
    ; warning
    @(6184 mils, 4291 mils): Horizontal Wire, length 300 mils
[endpoint_off_grid]: Symbol pin or wire end off connection grid
    ; warning
    @(6184 mils, 4491 mils): Symbol J101 Pin 20 [PK3_SPARE, Passive, Line]
[endpoint_off_grid]: Symbol pin or wire end off connection grid
    ; warning
    @(6184 mils, 4491 mils): Horizontal Wire, length 300 mils
[endpoint_off_grid]: Symbol pin or wire end off connection grid
    ; warning
    @(6184 mils, 4691 mils): Horizontal Wire, length 300 mils
[endpoint_off_grid]: Symbol pin or wire end off connection grid
    ; warning
    @(6184 mils, 5091 mils): Horizontal Wire, length 300 mils
[endpoint_off_grid]: Symbol pin or wire end off connection grid
    ; warning
    @(6184 mils, 5291 mils): Horizontal Wire, length 300 mils
[endpoint_off_grid]: Symbol pin or wire end off connection grid
    ; warning
    @(6184 mils, 5491 mils): Horizontal Wire, length 300 mils
[endpoint_off_grid]: Symbol pin or wire end off connection grid
    ; warning
    @(6184 mils, 5691 mils): Horizontal Wire, length 300 mils
[endpoint_off_grid]: Symbol pin or wire end off connection grid
    ; warning
    @(6184 mils, 5891 mils): Horizontal Wire, length 300 mils
[endpoint_off_grid]: Symbol pin or wire end off connection grid
    ; warning
    @(11808 mils, 3037 mils): Horizontal Wire, length 300 mils
[endpoint_off_grid]: Symbol pin or wire end off connection grid
    ; warning
    @(11808 mils, 3237 mils): Horizontal Wire, length 300 mils
[endpoint_off_grid]: Symbol pin or wire end off connection grid
    ; warning
    @(11808 mils, 3437 mils): Horizontal Wire, length 300 mils
[endpoint_off_grid]: Symbol pin or wire end off connection grid
    ; warning
    @(11808 mils, 3637 mils): Horizontal Wire, length 300 mils
[endpoint_off_grid]: Symbol pin or wire end off connection grid
    ; warning
    @(11808 mils, 3837 mils): Horizontal Wire, length 300 mils
[endpoint_off_grid]: Symbol pin or wire end off connection grid
    ; warning
    @(11808 mils, 4037 mils): Horizontal Wire, length 300 mils
[endpoint_off_grid]: Symbol pin or wire end off connection grid
    ; warning
    @(11808 mils, 4237 mils): Horizontal Wire, length 300 mils
[endpoint_off_grid]: Symbol pin or wire end off connection grid
    ; warning
    @(11808 mils, 4437 mils): Horizontal Wire, length 300 mils
[endpoint_off_grid]: Symbol pin or wire end off connection grid
    ; warning
    @(11808 mils, 4437 mils): Symbol J102 Pin 8 [PA7_INJ_H, Passive, Line]
[endpoint_off_grid]: Symbol pin or wire end off connection grid
    ; warning
    @(11808 mils, 4637 mils): Horizontal Wire, length 300 mils
[endpoint_off_grid]: Symbol pin or wire end off connection grid
    ; warning
    @(11808 mils, 4837 mils): Horizontal Wire, length 300 mils
[endpoint_off_grid]: Symbol pin or wire end off connection grid
    ; warning
    @(3225 mils, 2737 mils): Horizontal Wire, length 300 mils
[endpoint_off_grid]: Symbol pin or wire end off connection grid
    ; warning
    @(3225 mils, 2937 mils): Horizontal Wire, length 300 mils
[endpoint_off_grid]: Symbol pin or wire end off connection grid
    ; warning
    @(3225 mils, 3337 mils): Symbol J1 Pin 4 [RESERVED, Passive, Line]
[endpoint_off_grid]: Symbol pin or wire end off connection grid
    ; warning
    @(3225 mils, 4937 mils): Horizontal Wire, length 300 mils
[endpoint_off_grid]: Symbol pin or wire end off connection grid
    ; warning
    @(3225 mils, 5137 mils): Horizontal Wire, length 300 mils
[endpoint_off_grid]: Symbol pin or wire end off connection grid
    ; warning
    @(5436 mils, 2937 mils): Horizontal Wire, length 300 mils
[endpoint_off_grid]: Symbol pin or wire end off connection grid
    ; warning
    @(5436 mils, 3137 mils): Horizontal Wire, length 300 mils
[endpoint_off_grid]: Symbol pin or wire end off connection grid
    ; warning
    @(5436 mils, 4137 mils): Horizontal Wire, length 300 mils
[endpoint_off_grid]: Symbol pin or wire end off connection grid
    ; warning
    @(5436 mils, 4337 mils): Horizontal Wire, length 300 mils
[endpoint_off_grid]: Symbol pin or wire end off connection grid
    ; warning
    @(5436 mils, 4737 mils): Horizontal Wire, length 300 mils
[endpoint_off_grid]: Symbol pin or wire end off connection grid
    ; warning
    @(5436 mils, 4937 mils): Horizontal Wire, length 300 mils
[endpoint_off_grid]: Symbol pin or wire end off connection grid
    ; warning
    @(5436 mils, 5137 mils): Horizontal Wire, length 300 mils
[endpoint_off_grid]: Symbol pin or wire end off connection grid
    ; warning
    @(10902 mils, 2737 mils): Horizontal Wire, length 300 mils
[endpoint_off_grid]: Symbol pin or wire end off connection grid
    ; warning
    @(10902 mils, 2737 mils): Symbol J1 Pin 27 [TRANS_SS1, Passive, Line]
[endpoint_off_grid]: Symbol pin or wire end off connection grid
    ; warning
    @(10902 mils, 3137 mils): Horizontal Wire, length 300 mils
[endpoint_off_grid]: Symbol pin or wire end off connection grid
    ; warning
    @(10902 mils, 3337 mils): Horizontal Wire, length 300 mils
[endpoint_off_grid]: Symbol pin or wire end off connection grid
    ; warning
    @(10902 mils, 3937 mils): Horizontal Wire, length 300 mils
[endpoint_off_grid]: Symbol pin or wire end off connection grid
    ; warning
    @(10902 mils, 4537 mils): Horizontal Wire, length 300 mils
[endpoint_off_grid]: Symbol pin or wire end off connection grid
    ; warning
    @(10902 mils, 4737 mils): Horizontal Wire, length 300 mils
[endpoint_off_grid]: Symbol pin or wire end off connection grid
    ; warning
    @(10902 mils, 4937 mils): Horizontal Wire, length 300 mils
[endpoint_off_grid]: Symbol pin or wire end off connection grid
    ; warning
    @(10902 mils, 5137 mils): Horizontal Wire, length 300 mils
[endpoint_off_grid]: Symbol pin or wire end off connection grid
    ; warning
    @(13113 mils, 2737 mils): Horizontal Wire, length 300 mils
[endpoint_off_grid]: Symbol pin or wire end off connection grid
    ; warning
    @(13113 mils, 2937 mils): Horizontal Wire, length 300 mils
[endpoint_off_grid]: Symbol pin or wire end off connection grid
    ; warning
    @(13113 mils, 3337 mils): Horizontal Wire, length 300 mils
[endpoint_off_grid]: Symbol pin or wire end off connection grid
    ; warning
    @(13113 mils, 3737 mils): Horizontal Wire, length 300 mils
[endpoint_off_grid]: Symbol pin or wire end off connection grid
    ; warning
    @(13113 mils, 4937 mils): Horizontal Wire, length 300 mils
[endpoint_off_grid]: Symbol pin or wire end off connection grid
    ; warning
    @(13113 mils, 5137 mils): Horizontal Wire, length 300 mils
[endpoint_off_grid]: Symbol pin or wire end off connection grid
    ; warning
    @(3225 mils, 2937 mils): Horizontal Wire, length 300 mils
[endpoint_off_grid]: Symbol pin or wire end off connection grid
    ; warning
    @(3225 mils, 3137 mils): Horizontal Wire, length 300 mils
[endpoint_off_grid]: Symbol pin or wire end off connection grid
    ; warning
    @(3225 mils, 3537 mils): Symbol J1 Pin 57 [RESERVED, Passive, Line]
[endpoint_off_grid]: Symbol pin or wire end off connection grid
    ; warning
    @(3225 mils, 3737 mils): Horizontal Wire, length 300 mils
[endpoint_off_grid]: Symbol pin or wire end off connection grid
    ; warning
    @(3225 mils, 4137 mils): Horizontal Wire, length 300 mils
[endpoint_off_grid]: Symbol pin or wire end off connection grid
    ; warning
    @(3225 mils, 4937 mils): Horizontal Wire, length 300 mils
[endpoint_off_grid]: Symbol pin or wire end off connection grid
    ; warning
    @(5436 mils, 3337 mils): Horizontal Wire, length 300 mils
[endpoint_off_grid]: Symbol pin or wire end off connection grid
    ; warning
    @(5436 mils, 3737 mils): Horizontal Wire, length 300 mils
[endpoint_off_grid]: Symbol pin or wire end off connection grid
    ; warning
    @(5436 mils, 3937 mils): Horizontal Wire, length 300 mils
[endpoint_off_grid]: Symbol pin or wire end off connection grid
    ; warning
    @(5436 mils, 4137 mils): Horizontal Wire, length 300 mils
[endpoint_off_grid]: Symbol pin or wire end off connection grid
    ; warning
    @(5436 mils, 4337 mils): Horizontal Wire, length 300 mils
[endpoint_off_grid]: Symbol pin or wire end off connection grid
    ; warning
    @(5436 mils, 4537 mils): Horizontal Wire, length 300 mils
[endpoint_off_grid]: Symbol pin or wire end off connection grid
    ; warning
    @(5436 mils, 4737 mils): Horizontal Wire, length 300 mils
[endpoint_off_grid]: Symbol pin or wire end off connection grid
    ; warning
    @(5436 mils, 4937 mils): Horizontal Wire, length 300 mils
[endpoint_off_grid]: Symbol pin or wire end off connection grid
    ; warning
    @(5436 mils, 5137 mils): Horizontal Wire, length 300 mils
[endpoint_off_grid]: Symbol pin or wire end off connection grid
    ; warning
    @(10902 mils, 2737 mils): Horizontal Wire, length 300 mils
[endpoint_off_grid]: Symbol pin or wire end off connection grid
    ; warning
    @(10902 mils, 2937 mils): Symbol J1 Pin 80 [FUEL_PUMP_CONTROL, Passive, Line]
[endpoint_off_grid]: Symbol pin or wire end off connection grid
    ; warning
    @(10902 mils, 2937 mils): Horizontal Wire, length 300 mils
[endpoint_off_grid]: Symbol pin or wire end off connection grid
    ; warning
    @(10902 mils, 3137 mils): Horizontal Wire, length 300 mils
[endpoint_off_grid]: Symbol pin or wire end off connection grid
    ; warning
    @(10902 mils, 3537 mils): Horizontal Wire, length 300 mils
[endpoint_off_grid]: Symbol pin or wire end off connection grid
    ; warning
    @(10902 mils, 3737 mils): Horizontal Wire, length 300 mils
[endpoint_off_grid]: Symbol pin or wire end off connection grid
    ; warning
    @(10902 mils, 3937 mils): Horizontal Wire, length 300 mils
[endpoint_off_grid]: Symbol pin or wire end off connection grid
    ; warning
    @(10902 mils, 4337 mils): Horizontal Wire, length 300 mils
[endpoint_off_grid]: Symbol pin or wire end off connection grid
    ; warning
    @(10902 mils, 4537 mils): Horizontal Wire, length 300 mils
[endpoint_off_grid]: Symbol pin or wire end off connection grid
    ; warning
    @(10902 mils, 4737 mils): Horizontal Wire, length 300 mils
[endpoint_off_grid]: Symbol pin or wire end off connection grid
    ; warning
    @(10902 mils, 4937 mils): Horizontal Wire, length 300 mils
[endpoint_off_grid]: Symbol pin or wire end off connection grid
    ; warning
    @(10902 mils, 5137 mils): Horizontal Wire, length 300 mils
[endpoint_off_grid]: Symbol pin or wire end off connection grid
    ; warning
    @(13113 mils, 2737 mils): Horizontal Wire, length 300 mils
[endpoint_off_grid]: Symbol pin or wire end off connection grid
    ; warning
    @(13113 mils, 2937 mils): Horizontal Wire, length 300 mils
[endpoint_off_grid]: Symbol pin or wire end off connection grid
    ; warning
    @(13113 mils, 3137 mils): Horizontal Wire, length 300 mils
[endpoint_off_grid]: Symbol pin or wire end off connection grid
    ; warning
    @(13113 mils, 3737 mils): Horizontal Wire, length 300 mils
[endpoint_off_grid]: Symbol pin or wire end off connection grid
    ; warning
    @(13113 mils, 3937 mils): Horizontal Wire, length 300 mils
[endpoint_off_grid]: Symbol pin or wire end off connection grid
    ; warning
    @(13113 mils, 4137 mils): Horizontal Wire, length 300 mils
[endpoint_off_grid]: Symbol pin or wire end off connection grid
    ; warning
    @(13113 mils, 4337 mils): Horizontal Wire, length 300 mils
[endpoint_off_grid]: Symbol pin or wire end off connection grid
    ; warning
    @(13113 mils, 4537 mils): Horizontal Wire, length 300 mils
[endpoint_off_grid]: Symbol pin or wire end off connection grid
    ; warning
    @(13113 mils, 4937 mils): Horizontal Wire, length 300 mils
[endpoint_off_grid]: Symbol pin or wire end off connection grid
    ; warning
    @(13113 mils, 5137 mils): Horizontal Wire, length 300 mils
[endpoint_off_grid]: Symbol pin or wire end off connection grid
    ; warning
    @(2950 mils, 1850 mils): Horizontal Wire, length 300 mils
[endpoint_off_grid]: Symbol pin or wire end off connection grid
    ; warning
    @(2950 mils, 2598 mils): Horizontal Wire, length 300 mils
[endpoint_off_grid]: Symbol pin or wire end off connection grid
    ; warning
    @(2950 mils, 3583 mils): Horizontal Wire, length 300 mils
[endpoint_off_grid]: Symbol pin or wire end off connection grid
    ; warning
    @(2950 mils, 4331 mils): Symbol R6 Pin 1 [Passive, Line]
[endpoint_off_grid]: Symbol pin or wire end off connection grid
    ; warning
    @(2950 mils, 4331 mils): Horizontal Wire, length 300 mils
[endpoint_off_grid]: Symbol pin or wire end off connection grid
    ; warning
    @(2950 mils, 5315 mils): Symbol R7 Pin 1 [Passive, Line]
[endpoint_off_grid]: Symbol pin or wire end off connection grid
    ; warning
    @(2950 mils, 5315 mils): Horizontal Wire, length 300 mils
[endpoint_off_grid]: Symbol pin or wire end off connection grid
    ; warning
    @(2950 mils, 6063 mils): Horizontal Wire, length 300 mils
[endpoint_off_grid]: Symbol pin or wire end off connection grid
    ; warning
    @(2950 mils, 7047 mils): Horizontal Wire, length 300 mils
[endpoint_off_grid]: Symbol pin or wire end off connection grid
    ; warning
    @(2950 mils, 7795 mils): Symbol R10 Pin 1 [Passive, Line]
[endpoint_off_grid]: Symbol pin or wire end off connection grid
    ; warning
    @(2950 mils, 7795 mils): Horizontal Wire, length 300 mils
[endpoint_off_grid]: Symbol pin or wire end off connection grid
    ; warning
    @(3350 mils, 1850 mils): Symbol R3 Pin 2 [Passive, Line]
[endpoint_off_grid]: Symbol pin or wire end off connection grid
    ; warning
    @(3350 mils, 1850 mils): Horizontal Wire, length 300 mils
[endpoint_off_grid]: Symbol pin or wire end off connection grid
    ; warning
    @(3350 mils, 2598 mils): Symbol R4 Pin 2 [Passive, Line]
[endpoint_off_grid]: Symbol pin or wire end off connection grid
    ; warning
    @(3350 mils, 2598 mils): Horizontal Wire, length 300 mils
[endpoint_off_grid]: Symbol pin or wire end off connection grid
    ; warning
    @(3350 mils, 3583 mils): Horizontal Wire, length 300 mils
[endpoint_off_grid]: Symbol pin or wire end off connection grid
    ; warning
    @(3350 mils, 3583 mils): Symbol R5 Pin 2 [Passive, Line]
[endpoint_off_grid]: Symbol pin or wire end off connection grid
    ; warning
    @(3350 mils, 4331 mils): Horizontal Wire, length 300 mils
[endpoint_off_grid]: Symbol pin or wire end off connection grid
    ; warning
    @(3350 mils, 5315 mils): Horizontal Wire, length 300 mils
[endpoint_off_grid]: Symbol pin or wire end off connection grid
    ; warning
    @(3350 mils, 6063 mils): Horizontal Wire, length 300 mils
[endpoint_off_grid]: Symbol pin or wire end off connection grid
    ; warning
    @(3350 mils, 6063 mils): Symbol R8 Pin 2 [Passive, Line]
[endpoint_off_grid]: Symbol pin or wire end off connection grid
    ; warning
    @(3350 mils, 7047 mils): Symbol R9 Pin 2 [Passive, Line]
[endpoint_off_grid]: Symbol pin or wire end off connection grid
    ; warning
    @(3350 mils, 7047 mils): Horizontal Wire, length 300 mils
[endpoint_off_grid]: Symbol pin or wire end off connection grid
    ; warning
    @(3350 mils, 7795 mils): Horizontal Wire, length 300 mils
[endpoint_off_grid]: Symbol pin or wire end off connection grid
    ; warning
    @(7674 mils, 1850 mils): Symbol C11 Pin 1 [Passive, Line]
[endpoint_off_grid]: Symbol pin or wire end off connection grid
    ; warning
    @(7674 mils, 1850 mils): Horizontal Wire, length 300 mils
[endpoint_off_grid]: Symbol pin or wire end off connection grid
    ; warning
    @(7674 mils, 2638 mils): Horizontal Wire, length 300 mils
[endpoint_off_grid]: Symbol pin or wire end off connection grid
    ; warning
    @(7674 mils, 3583 mils): Horizontal Wire, length 300 mils
[endpoint_off_grid]: Symbol pin or wire end off connection grid
    ; warning
    @(7674 mils, 3583 mils): Symbol C13 Pin 1 [Passive, Line]
[endpoint_off_grid]: Symbol pin or wire end off connection grid
    ; warning
    @(7674 mils, 4370 mils): Horizontal Wire, length 300 mils
[endpoint_off_grid]: Symbol pin or wire end off connection grid
    ; warning
    @(7674 mils, 5315 mils): Horizontal Wire, length 300 mils
[endpoint_off_grid]: Symbol pin or wire end off connection grid
    ; warning
    @(7674 mils, 6102 mils): Horizontal Wire, length 300 mils
[endpoint_off_grid]: Symbol pin or wire end off connection grid
    ; warning
    @(7674 mils, 7047 mils): Horizontal Wire, length 300 mils
[endpoint_off_grid]: Symbol pin or wire end off connection grid
    ; warning
    @(7674 mils, 7835 mils): Horizontal Wire, length 300 mils
[endpoint_off_grid]: Symbol pin or wire end off connection grid
    ; warning
    @(7674 mils, 7835 mils): Symbol D8 Pin 3 [MID, Passive, Line]
[endpoint_off_grid]: Symbol pin or wire end off connection grid
    ; warning
    @(8074 mils, 1850 mils): Horizontal Wire, length 300 mils
[endpoint_off_grid]: Symbol pin or wire end off connection grid
    ; warning
    @(8074 mils, 3583 mils): Horizontal Wire, length 300 mils
[endpoint_off_grid]: Symbol pin or wire end off connection grid
    ; warning
    @(8074 mils, 5315 mils): Symbol C15 Pin 2 [Passive, Line]
[endpoint_off_grid]: Symbol pin or wire end off connection grid
    ; warning
    @(8074 mils, 5315 mils): Horizontal Wire, length 300 mils
[endpoint_off_grid]: Symbol pin or wire end off connection grid
    ; warning
    @(8074 mils, 7047 mils): Horizontal Wire, length 300 mils
[endpoint_off_grid]: Symbol pin or wire end off connection grid
    ; warning
    @(8074 mils, 7047 mils): Symbol C17 Pin 2 [Passive, Line]
[endpoint_off_grid]: Symbol pin or wire end off connection grid
    ; warning
    @(8861 mils, 2538 mils): Horizontal Wire, length 300 mils
[endpoint_off_grid]: Symbol pin or wire end off connection grid
    ; warning
    @(8861 mils, 2538 mils): Symbol D5 Pin 2 [K, Passive, Line]
[endpoint_off_grid]: Symbol pin or wire end off connection grid
    ; warning
    @(8861 mils, 2738 mils): Horizontal Wire, length 300 mils
[endpoint_off_grid]: Symbol pin or wire end off connection grid
    ; warning
    @(8861 mils, 4270 mils): Symbol D6 Pin 2 [K, Passive, Line]
[endpoint_off_grid]: Symbol pin or wire end off connection grid
    ; warning
    @(8861 mils, 4270 mils): Horizontal Wire, length 300 mils
[endpoint_off_grid]: Symbol pin or wire end off connection grid
    ; warning
    @(8861 mils, 4470 mils): Horizontal Wire, length 300 mils
[endpoint_off_grid]: Symbol pin or wire end off connection grid
    ; warning
    @(8861 mils, 6002 mils): Horizontal Wire, length 300 mils
[endpoint_off_grid]: Symbol pin or wire end off connection grid
    ; warning
    @(8861 mils, 6202 mils): Horizontal Wire, length 300 mils
[endpoint_off_grid]: Symbol pin or wire end off connection grid
    ; warning
    @(8861 mils, 6202 mils): Symbol D7 Pin 1 [A, Passive, Line]
[endpoint_off_grid]: Symbol pin or wire end off connection grid
    ; warning
    @(8861 mils, 7735 mils): Horizontal Wire, length 300 mils
[endpoint_off_grid]: Symbol pin or wire end off connection grid
    ; warning
    @(8861 mils, 7935 mils): Horizontal Wire, length 300 mils
[endpoint_off_grid]: Symbol pin or wire end off connection grid
    ; warning
    @(12792 mils, 1850 mils): Horizontal Wire, length 300 mils
[endpoint_off_grid]: Symbol pin or wire end off connection grid
    ; warning
    @(12792 mils, 3583 mils): Symbol C14 Pin 1 [Passive, Line]
[endpoint_off_grid]: Symbol pin or wire end off connection grid
    ; warning
    @(12792 mils, 3583 mils): Horizontal Wire, length 300 mils
[endpoint_off_grid]: Symbol pin or wire end off connection grid
    ; warning
    @(12792 mils, 5315 mils): Horizontal Wire, length 300 mils
[endpoint_off_grid]: Symbol pin or wire end off connection grid
    ; warning
    @(12792 mils, 7047 mils): Horizontal Wire, length 300 mils
[endpoint_off_grid]: Symbol pin or wire end off connection grid
    ; warning
    @(12792 mils, 7047 mils): Symbol C18 Pin 1 [Passive, Line]
[endpoint_off_grid]: Symbol pin or wire end off connection grid
    ; warning
    @(13192 mils, 1850 mils): Horizontal Wire, length 300 mils
[endpoint_off_grid]: Symbol pin or wire end off connection grid
    ; warning
    @(13192 mils, 1850 mils): Symbol C12 Pin 2 [Passive, Line]
[endpoint_off_grid]: Symbol pin or wire end off connection grid
    ; warning
    @(13192 mils, 3583 mils): Horizontal Wire, length 300 mils
[endpoint_off_grid]: Symbol pin or wire end off connection grid
    ; warning
    @(13192 mils, 5315 mils): Horizontal Wire, length 300 mils
[endpoint_off_grid]: Symbol pin or wire end off connection grid
    ; warning
    @(13192 mils, 5315 mils): Symbol C16 Pin 2 [Passive, Line]
[endpoint_off_grid]: Symbol pin or wire end off connection grid
    ; warning
    @(13192 mils, 7047 mils): Horizontal Wire, length 300 mils
[endpoint_off_grid]: Symbol pin or wire end off connection grid
    ; warning
    @(2950 mils, 1850 mils): Horizontal Wire, length 300 mils
[endpoint_off_grid]: Symbol pin or wire end off connection grid
    ; warning
    @(2950 mils, 2598 mils): Horizontal Wire, length 300 mils
[endpoint_off_grid]: Symbol pin or wire end off connection grid
    ; warning
    @(2950 mils, 3583 mils): Horizontal Wire, length 300 mils
[endpoint_off_grid]: Symbol pin or wire end off connection grid
    ; warning
    @(2950 mils, 4331 mils): Symbol R14 Pin 1 [Passive, Line]
[endpoint_off_grid]: Symbol pin or wire end off connection grid
    ; warning
    @(2950 mils, 4331 mils): Horizontal Wire, length 300 mils
[endpoint_off_grid]: Symbol pin or wire end off connection grid
    ; warning
    @(2950 mils, 5315 mils): Horizontal Wire, length 300 mils
[endpoint_off_grid]: Symbol pin or wire end off connection grid
    ; warning
    @(2950 mils, 6063 mils): Horizontal Wire, length 300 mils
[endpoint_off_grid]: Symbol pin or wire end off connection grid
    ; warning
    @(2950 mils, 7047 mils): Horizontal Wire, length 300 mils
[endpoint_off_grid]: Symbol pin or wire end off connection grid
    ; warning
    @(2950 mils, 7795 mils): Symbol R18 Pin 1 [Passive, Line]
[endpoint_off_grid]: Symbol pin or wire end off connection grid
    ; warning
    @(2950 mils, 7795 mils): Horizontal Wire, length 300 mils
[endpoint_off_grid]: Symbol pin or wire end off connection grid
    ; warning
    @(3350 mils, 1850 mils): Horizontal Wire, length 300 mils
[endpoint_off_grid]: Symbol pin or wire end off connection grid
    ; warning
    @(3350 mils, 1850 mils): Symbol R11 Pin 2 [Passive, Line]
[endpoint_off_grid]: Symbol pin or wire end off connection grid
    ; warning
    @(3350 mils, 2598 mils): Horizontal Wire, length 300 mils
[endpoint_off_grid]: Symbol pin or wire end off connection grid
    ; warning
    @(3350 mils, 2598 mils): Symbol R12 Pin 2 [Passive, Line]
[endpoint_off_grid]: Symbol pin or wire end off connection grid
    ; warning
    @(3350 mils, 3583 mils): Horizontal Wire, length 300 mils
[endpoint_off_grid]: Symbol pin or wire end off connection grid
    ; warning
    @(3350 mils, 3583 mils): Symbol R13 Pin 2 [Passive, Line]
[endpoint_off_grid]: Symbol pin or wire end off connection grid
    ; warning
    @(3350 mils, 4331 mils): Horizontal Wire, length 300 mils
[endpoint_off_grid]: Symbol pin or wire end off connection grid
    ; warning
    @(3350 mils, 5315 mils): Horizontal Wire, length 300 mils
[endpoint_off_grid]: Symbol pin or wire end off connection grid
    ; warning
    @(3350 mils, 5315 mils): Symbol R15 Pin 2 [Passive, Line]
[endpoint_off_grid]: Symbol pin or wire end off connection grid
    ; warning
    @(3350 mils, 6063 mils): Symbol R16 Pin 2 [Passive, Line]
[endpoint_off_grid]: Symbol pin or wire end off connection grid
    ; warning
    @(3350 mils, 6063 mils): Horizontal Wire, length 300 mils
[endpoint_off_grid]: Symbol pin or wire end off connection grid
    ; warning
    @(3350 mils, 7047 mils): Symbol R17 Pin 2 [Passive, Line]
[endpoint_off_grid]: Symbol pin or wire end off connection grid
    ; warning
    @(3350 mils, 7047 mils): Horizontal Wire, length 300 mils
[endpoint_off_grid]: Symbol pin or wire end off connection grid
    ; warning
    @(3350 mils, 7795 mils): Horizontal Wire, length 300 mils
[endpoint_off_grid]: Symbol pin or wire end off connection grid
    ; warning
    @(7674 mils, 1850 mils): Horizontal Wire, length 300 mils
[endpoint_off_grid]: Symbol pin or wire end off connection grid
    ; warning
    @(7674 mils, 2638 mils): Symbol D9 Pin 3 [MID, Passive, Line]
[endpoint_off_grid]: Symbol pin or wire end off connection grid
    ; warning
    @(7674 mils, 2638 mils): Horizontal Wire, length 300 mils
[endpoint_off_grid]: Symbol pin or wire end off connection grid
    ; warning
    @(7674 mils, 3583 mils): Horizontal Wire, length 300 mils
[endpoint_off_grid]: Symbol pin or wire end off connection grid
    ; warning
    @(7674 mils, 3583 mils): Symbol C21 Pin 1 [Passive, Line]
[endpoint_off_grid]: Symbol pin or wire end off connection grid
    ; warning
    @(7674 mils, 4370 mils): Horizontal Wire, length 300 mils
[endpoint_off_grid]: Symbol pin or wire end off connection grid
    ; warning
    @(7674 mils, 5315 mils): Symbol C23 Pin 1 [Passive, Line]
[endpoint_off_grid]: Symbol pin or wire end off connection grid
    ; warning
    @(7674 mils, 5315 mils): Horizontal Wire, length 300 mils
[endpoint_off_grid]: Symbol pin or wire end off connection grid
    ; warning
    @(7674 mils, 6102 mils): Horizontal Wire, length 300 mils
[endpoint_off_grid]: Symbol pin or wire end off connection grid
    ; warning
    @(7674 mils, 7047 mils): Horizontal Wire, length 300 mils
[endpoint_off_grid]: Symbol pin or wire end off connection grid
    ; warning
    @(7674 mils, 7835 mils): Symbol D12 Pin 3 [MID, Passive, Line]
[endpoint_off_grid]: Symbol pin or wire end off connection grid
    ; warning
    @(7674 mils, 7835 mils): Horizontal Wire, length 300 mils
[endpoint_off_grid]: Symbol pin or wire end off connection grid
    ; warning
    @(8074 mils, 1850 mils): Horizontal Wire, length 300 mils
[endpoint_off_grid]: Symbol pin or wire end off connection grid
    ; warning
    @(8074 mils, 1850 mils): Symbol C19 Pin 2 [Passive, Line]
[endpoint_off_grid]: Symbol pin or wire end off connection grid
    ; warning
    @(8074 mils, 3583 mils): Horizontal Wire, length 300 mils
[endpoint_off_grid]: Symbol pin or wire end off connection grid
    ; warning
    @(8074 mils, 5315 mils): Horizontal Wire, length 300 mils
[endpoint_off_grid]: Symbol pin or wire end off connection grid
    ; warning
    @(8074 mils, 7047 mils): Symbol C25 Pin 2 [Passive, Line]
[endpoint_off_grid]: Symbol pin or wire end off connection grid
    ; warning
    @(8074 mils, 7047 mils): Horizontal Wire, length 300 mils
[endpoint_off_grid]: Symbol pin or wire end off connection grid
    ; warning
    @(8861 mils, 2538 mils): Horizontal Wire, length 300 mils
[endpoint_off_grid]: Symbol pin or wire end off connection grid
    ; warning
    @(8861 mils, 2738 mils): Horizontal Wire, length 300 mils
[endpoint_off_grid]: Symbol pin or wire end off connection grid
    ; warning
    @(8861 mils, 4270 mils): Horizontal Wire, length 300 mils
[endpoint_off_grid]: Symbol pin or wire end off connection grid
    ; warning
    @(8861 mils, 4470 mils): Symbol D10 Pin 1 [A, Passive, Line]
[endpoint_off_grid]: Symbol pin or wire end off connection grid
    ; warning
    @(8861 mils, 4470 mils): Horizontal Wire, length 300 mils
[endpoint_off_grid]: Symbol pin or wire end off connection grid
    ; warning
    @(8861 mils, 6002 mils): Horizontal Wire, length 300 mils
[endpoint_off_grid]: Symbol pin or wire end off connection grid
    ; warning
    @(8861 mils, 6002 mils): Symbol D11 Pin 2 [K, Passive, Line]
[endpoint_off_grid]: Symbol pin or wire end off connection grid
    ; warning
    @(8861 mils, 6202 mils): Horizontal Wire, length 300 mils
[endpoint_off_grid]: Symbol pin or wire end off connection grid
    ; warning
    @(8861 mils, 7735 mils): Horizontal Wire, length 300 mils
[endpoint_off_grid]: Symbol pin or wire end off connection grid
    ; warning
    @(8861 mils, 7935 mils): Horizontal Wire, length 300 mils
[endpoint_off_grid]: Symbol pin or wire end off connection grid
    ; warning
    @(12792 mils, 1850 mils): Horizontal Wire, length 300 mils
[endpoint_off_grid]: Symbol pin or wire end off connection grid
    ; warning
    @(12792 mils, 3583 mils): Symbol C22 Pin 1 [Passive, Line]
[endpoint_off_grid]: Symbol pin or wire end off connection grid
    ; warning
    @(12792 mils, 3583 mils): Horizontal Wire, length 300 mils
[endpoint_off_grid]: Symbol pin or wire end off connection grid
    ; warning
    @(12792 mils, 5315 mils): Symbol C24 Pin 1 [Passive, Line]
[endpoint_off_grid]: Symbol pin or wire end off connection grid
    ; warning
    @(12792 mils, 5315 mils): Horizontal Wire, length 300 mils
[endpoint_off_grid]: Symbol pin or wire end off connection grid
    ; warning
    @(12792 mils, 7047 mils): Horizontal Wire, length 300 mils
[endpoint_off_grid]: Symbol pin or wire end off connection grid
    ; warning
    @(13192 mils, 1850 mils): Horizontal Wire, length 300 mils
[endpoint_off_grid]: Symbol pin or wire end off connection grid
    ; warning
    @(13192 mils, 1850 mils): Symbol C20 Pin 2 [Passive, Line]
[endpoint_off_grid]: Symbol pin or wire end off connection grid
    ; warning
    @(13192 mils, 3583 mils): Horizontal Wire, length 300 mils
[endpoint_off_grid]: Symbol pin or wire end off connection grid
    ; warning
    @(13192 mils, 5315 mils): Horizontal Wire, length 300 mils
[endpoint_off_grid]: Symbol pin or wire end off connection grid
    ; warning
    @(13192 mils, 7047 mils): Horizontal Wire, length 300 mils
[endpoint_off_grid]: Symbol pin or wire end off connection grid
    ; warning
    @(13192 mils, 7047 mils): Symbol C26 Pin 2 [Passive, Line]
[endpoint_off_grid]: Symbol pin or wire end off connection grid
    ; warning
    @(2753 mils, 5118 mils): Horizontal Wire, length 300 mils
[endpoint_off_grid]: Symbol pin or wire end off connection grid
    ; warning
    @(2753 mils, 6063 mils): Symbol R20 Pin 1 [Passive, Line]
[endpoint_off_grid]: Symbol pin or wire end off connection grid
    ; warning
    @(2753 mils, 6063 mils): Horizontal Wire, length 300 mils
[endpoint_off_grid]: Symbol pin or wire end off connection grid
    ; warning
    @(2753 mils, 7008 mils): Horizontal Wire, length 300 mils
[endpoint_off_grid]: Symbol pin or wire end off connection grid
    ; warning
    @(2753 mils, 7008 mils): Symbol R22 Pin 1 [Passive, Line]
[endpoint_off_grid]: Symbol pin or wire end off connection grid
    ; warning
    @(3146 mils, 2556 mils): Horizontal Wire, length 300 mils
[endpoint_off_grid]: Symbol pin or wire end off connection grid
    ; warning
    @(3146 mils, 2556 mils): Symbol U2 Pin 3 [VS, Power input, Line]
[endpoint_off_grid]: Symbol pin or wire end off connection grid
    ; warning
    @(3146 mils, 2756 mils): Horizontal Wire, length 300 mils
[endpoint_off_grid]: Symbol pin or wire end off connection grid
    ; warning
    @(3153 mils, 5118 mils): Horizontal Wire, length 300 mils
[endpoint_off_grid]: Symbol pin or wire end off connection grid
    ; warning
    @(3153 mils, 5118 mils): Symbol R19 Pin 2 [Passive, Line]
[endpoint_off_grid]: Symbol pin or wire end off connection grid
    ; warning
    @(3153 mils, 6063 mils): Horizontal Wire, length 300 mils
[endpoint_off_grid]: Symbol pin or wire end off connection grid
    ; warning
    @(3153 mils, 7008 mils): Horizontal Wire, length 300 mils
[endpoint_off_grid]: Symbol pin or wire end off connection grid
    ; warning
    @(3343 mils, 8858 mils): Horizontal Wire, length 300 mils
[endpoint_off_grid]: Symbol pin or wire end off connection grid
    ; warning
    @(4531 mils, 8758 mils): Symbol D13 Pin 2 [K, Passive, Line]
[endpoint_off_grid]: Symbol pin or wire end off connection grid
    ; warning
    @(4531 mils, 8758 mils): Horizontal Wire, length 300 mils
[endpoint_off_grid]: Symbol pin or wire end off connection grid
    ; warning
    @(4531 mils, 8958 mils): Horizontal Wire, length 300 mils
[endpoint_off_grid]: Symbol pin or wire end off connection grid
    ; warning
    @(4728 mils, 2556 mils): Horizontal Wire, length 300 mils
[endpoint_off_grid]: Symbol pin or wire end off connection grid
    ; warning
    @(7871 mils, 5118 mils): Symbol C27 Pin 1 [Passive, Line]
[endpoint_off_grid]: Symbol pin or wire end off connection grid
    ; warning
    @(7871 mils, 5118 mils): Horizontal Wire, length 300 mils
[endpoint_off_grid]: Symbol pin or wire end off connection grid
    ; warning
    @(7871 mils, 6063 mils): Horizontal Wire, length 300 mils
[endpoint_off_grid]: Symbol pin or wire end off connection grid
    ; warning
    @(7871 mils, 6063 mils): Symbol R21 Pin 1 [Passive, Line]
[endpoint_off_grid]: Symbol pin or wire end off connection grid
    ; warning
    @(7871 mils, 7008 mils): Horizontal Wire, length 300 mils
[endpoint_off_grid]: Symbol pin or wire end off connection grid
    ; warning
    @(8271 mils, 5118 mils): Horizontal Wire, length 300 mils
[endpoint_off_grid]: Symbol pin or wire end off connection grid
    ; warning
    @(8271 mils, 6063 mils): Horizontal Wire, length 300 mils
[endpoint_off_grid]: Symbol pin or wire end off connection grid
    ; warning
    @(8271 mils, 7008 mils): Horizontal Wire, length 300 mils
[endpoint_off_grid]: Symbol pin or wire end off connection grid
    ; warning
    @(8271 mils, 7008 mils): Symbol R23 Pin 2 [Passive, Line]
[endpoint_off_grid]: Symbol pin or wire end off connection grid
    ; warning
    @(11217 mils, 8858 mils): Horizontal Wire, length 300 mils
[endpoint_off_grid]: Symbol pin or wire end off connection grid
    ; warning
    @(12405 mils, 8758 mils): Horizontal Wire, length 300 mils
[endpoint_off_grid]: Symbol pin or wire end off connection grid
    ; warning
    @(12405 mils, 8958 mils): Horizontal Wire, length 300 mils
[endpoint_off_grid]: Symbol pin or wire end off connection grid
    ; warning
    @(12405 mils, 8958 mils): Symbol D14 Pin 1 [A, Passive, Line]
[endpoint_off_grid]: Symbol pin or wire end off connection grid
    ; warning
    @(12989 mils, 5118 mils): Horizontal Wire, length 300 mils
[endpoint_off_grid]: Symbol pin or wire end off connection grid
    ; warning
    @(12989 mils, 5118 mils): Symbol C28 Pin 1 [Passive, Line]
[endpoint_off_grid]: Symbol pin or wire end off connection grid
    ; warning
    @(12989 mils, 6063 mils): Horizontal Wire, length 300 mils
[endpoint_off_grid]: Symbol pin or wire end off connection grid
    ; warning
    @(12989 mils, 6063 mils): Symbol C29 Pin 1 [Passive, Line]
[endpoint_off_grid]: Symbol pin or wire end off connection grid
    ; warning
    @(12989 mils, 7008 mils): Symbol C30 Pin 1 [Passive, Line]
[endpoint_off_grid]: Symbol pin or wire end off connection grid
    ; warning
    @(12989 mils, 7008 mils): Horizontal Wire, length 300 mils
[endpoint_off_grid]: Symbol pin or wire end off connection grid
    ; warning
    @(13389 mils, 5118 mils): Horizontal Wire, length 300 mils
[endpoint_off_grid]: Symbol pin or wire end off connection grid
    ; warning
    @(13389 mils, 6063 mils): Horizontal Wire, length 300 mils
[endpoint_off_grid]: Symbol pin or wire end off connection grid
    ; warning
    @(13389 mils, 7008 mils): Horizontal Wire, length 300 mils
[endpoint_off_grid]: Symbol pin or wire end off connection grid
    ; warning
    @(1847 mils, 8583 mils): Horizontal Wire, length 300 mils
[endpoint_off_grid]: Symbol pin or wire end off connection grid
    ; warning
    @(2753 mils, 1732 mils): Horizontal Wire, length 300 mils
[endpoint_off_grid]: Symbol pin or wire end off connection grid
    ; warning
    @(2753 mils, 1732 mils): Symbol R24 Pin 1 [Passive, Line]
[endpoint_off_grid]: Symbol pin or wire end off connection grid
    ; warning
    @(2753 mils, 2677 mils): Horizontal Wire, length 300 mils
[endpoint_off_grid]: Symbol pin or wire end off connection grid
    ; warning
    @(2753 mils, 3622 mils): Horizontal Wire, length 300 mils
[endpoint_off_grid]: Symbol pin or wire end off connection grid
    ; warning
    @(2753 mils, 4567 mils): Horizontal Wire, length 300 mils
[endpoint_off_grid]: Symbol pin or wire end off connection grid
    ; warning
    @(2753 mils, 5512 mils): Horizontal Wire, length 300 mils
[endpoint_off_grid]: Symbol pin or wire end off connection grid
    ; warning
    @(2753 mils, 6457 mils): Symbol R36 Pin 1 [Passive, Line]
[endpoint_off_grid]: Symbol pin or wire end off connection grid
    ; warning
    @(2753 mils, 6457 mils): Horizontal Wire, length 300 mils
[endpoint_off_grid]: Symbol pin or wire end off connection grid
    ; warning
    @(3153 mils, 1732 mils): Horizontal Wire, length 300 mils
[endpoint_off_grid]: Symbol pin or wire end off connection grid
    ; warning
    @(3153 mils, 2677 mils): Horizontal Wire, length 300 mils
[endpoint_off_grid]: Symbol pin or wire end off connection grid
    ; warning
    @(3153 mils, 2677 mils): Symbol R26 Pin 2 [Passive, Line]
[endpoint_off_grid]: Symbol pin or wire end off connection grid
    ; warning
    @(3153 mils, 3622 mils): Symbol D15 Pin 2 [A, Passive, Line]
[endpoint_off_grid]: Symbol pin or wire end off connection grid
    ; warning
    @(3153 mils, 3622 mils): Horizontal Wire, length 300 mils
[endpoint_off_grid]: Symbol pin or wire end off connection grid
    ; warning
    @(3153 mils, 4567 mils): Horizontal Wire, length 300 mils
[endpoint_off_grid]: Symbol pin or wire end off connection grid
    ; warning
    @(3153 mils, 4567 mils): Symbol R30 Pin 2 [Passive, Line]
[endpoint_off_grid]: Symbol pin or wire end off connection grid
    ; warning
    @(3153 mils, 5512 mils): Symbol R33 Pin 2 [Passive, Line]
[endpoint_off_grid]: Symbol pin or wire end off connection grid
    ; warning
    @(3153 mils, 5512 mils): Horizontal Wire, length 300 mils
[endpoint_off_grid]: Symbol pin or wire end off connection grid
    ; warning
    @(3153 mils, 6457 mils): Horizontal Wire, length 300 mils
[endpoint_off_grid]: Symbol pin or wire end off connection grid
    ; warning
    @(3822 mils, 8483 mils): Horizontal Wire, length 300 mils
[endpoint_off_grid]: Symbol pin or wire end off connection grid
    ; warning
    @(3822 mils, 8683 mils): Horizontal Wire, length 300 mils
[endpoint_off_grid]: Symbol pin or wire end off connection grid
    ; warning
    @(3822 mils, 8683 mils): Symbol Q1 Pin 1 [EMITTER, Passive, Line]
[endpoint_off_grid]: Symbol pin or wire end off connection grid
    ; warning
    @(6690 mils, 8583 mils): Horizontal Wire, length 300 mils
[endpoint_off_grid]: Symbol pin or wire end off connection grid
    ; warning
    @(7871 mils, 1732 mils): Horizontal Wire, length 300 mils
[endpoint_off_grid]: Symbol pin or wire end off connection grid
    ; warning
    @(7871 mils, 2677 mils): Horizontal Wire, length 300 mils
[endpoint_off_grid]: Symbol pin or wire end off connection grid
    ; warning
    @(7871 mils, 3622 mils): Horizontal Wire, length 300 mils
[endpoint_off_grid]: Symbol pin or wire end off connection grid
    ; warning
    @(7871 mils, 3622 mils): Symbol R28 Pin 1 [Passive, Line]
[endpoint_off_grid]: Symbol pin or wire end off connection grid
    ; warning
    @(7871 mils, 4567 mils): Horizontal Wire, length 300 mils
[endpoint_off_grid]: Symbol pin or wire end off connection grid
    ; warning
    @(7871 mils, 5512 mils): Horizontal Wire, length 300 mils
[endpoint_off_grid]: Symbol pin or wire end off connection grid
    ; warning
    @(7871 mils, 6457 mils): Horizontal Wire, length 300 mils
[endpoint_off_grid]: Symbol pin or wire end off connection grid
    ; warning
    @(8271 mils, 1732 mils): Horizontal Wire, length 300 mils
[endpoint_off_grid]: Symbol pin or wire end off connection grid
    ; warning
    @(8271 mils, 1732 mils): Symbol C31 Pin 2 [Passive, Line]
[endpoint_off_grid]: Symbol pin or wire end off connection grid
    ; warning
    @(8271 mils, 2677 mils): Symbol R27 Pin 2 [Passive, Line]
[endpoint_off_grid]: Symbol pin or wire end off connection grid
    ; warning
    @(8271 mils, 2677 mils): Horizontal Wire, length 300 mils
[endpoint_off_grid]: Symbol pin or wire end off connection grid
    ; warning
    @(8271 mils, 3622 mils): Horizontal Wire, length 300 mils
[endpoint_off_grid]: Symbol pin or wire end off connection grid
    ; warning
    @(8271 mils, 4567 mils): Symbol R31 Pin 2 [Passive, Line]
[endpoint_off_grid]: Symbol pin or wire end off connection grid
    ; warning
    @(8271 mils, 4567 mils): Horizontal Wire, length 300 mils
[endpoint_off_grid]: Symbol pin or wire end off connection grid
    ; warning
    @(8271 mils, 5512 mils): Symbol R34 Pin 2 [Passive, Line]
[endpoint_off_grid]: Symbol pin or wire end off connection grid
    ; warning
    @(8271 mils, 5512 mils): Horizontal Wire, length 300 mils
[endpoint_off_grid]: Symbol pin or wire end off connection grid
    ; warning
    @(8271 mils, 6457 mils): Horizontal Wire, length 300 mils
[endpoint_off_grid]: Symbol pin or wire end off connection grid
    ; warning
    @(8271 mils, 6457 mils): Symbol C33 Pin 2 [Passive, Line]
[endpoint_off_grid]: Symbol pin or wire end off connection grid
    ; warning
    @(8665 mils, 8483 mils): Horizontal Wire, length 300 mils
[endpoint_off_grid]: Symbol pin or wire end off connection grid
    ; warning
    @(8665 mils, 8483 mils): Symbol Q2 Pin 3 [COLLECTOR, Passive, Line]
[endpoint_off_grid]: Symbol pin or wire end off connection grid
    ; warning
    @(8665 mils, 8683 mils): Horizontal Wire, length 300 mils
[endpoint_off_grid]: Symbol pin or wire end off connection grid
    ; warning
    @(12005 mils, 8243 mils): Horizontal Wire, length 300 mils
[endpoint_off_grid]: Symbol pin or wire end off connection grid
    ; warning
    @(12005 mils, 8443 mils): Symbol U3 Pin 2 [A-, Input, Line]
[endpoint_off_grid]: Symbol pin or wire end off connection grid
    ; warning
    @(12005 mils, 8443 mils): Horizontal Wire, length 300 mils
[endpoint_off_grid]: Symbol pin or wire end off connection grid
    ; warning
    @(12005 mils, 8643 mils): Horizontal Wire, length 300 mils
[endpoint_off_grid]: Symbol pin or wire end off connection grid
    ; warning
    @(12005 mils, 8843 mils): Horizontal Wire, length 300 mils
[endpoint_off_grid]: Symbol pin or wire end off connection grid
    ; warning
    @(12989 mils, 1732 mils): Horizontal Wire, length 300 mils
[endpoint_off_grid]: Symbol pin or wire end off connection grid
    ; warning
    @(12989 mils, 2677 mils): Symbol C32 Pin 1 [Passive, Line]
[endpoint_off_grid]: Symbol pin or wire end off connection grid
    ; warning
    @(12989 mils, 2677 mils): Horizontal Wire, length 300 mils
[endpoint_off_grid]: Symbol pin or wire end off connection grid
    ; warning
    @(12989 mils, 3622 mils): Horizontal Wire, length 300 mils
[endpoint_off_grid]: Symbol pin or wire end off connection grid
    ; warning
    @(12989 mils, 4567 mils): Horizontal Wire, length 300 mils
[endpoint_off_grid]: Symbol pin or wire end off connection grid
    ; warning
    @(12989 mils, 5512 mils): Symbol R35 Pin 1 [Passive, Line]
[endpoint_off_grid]: Symbol pin or wire end off connection grid
    ; warning
    @(12989 mils, 5512 mils): Horizontal Wire, length 300 mils
[endpoint_off_grid]: Symbol pin or wire end off connection grid
    ; warning
    @(13389 mils, 1732 mils): Horizontal Wire, length 300 mils
[endpoint_off_grid]: Symbol pin or wire end off connection grid
    ; warning
    @(13389 mils, 1732 mils): Symbol R25 Pin 2 [Passive, Line]
[endpoint_off_grid]: Symbol pin or wire end off connection grid
    ; warning
    @(13389 mils, 2677 mils): Horizontal Wire, length 300 mils
[endpoint_off_grid]: Symbol pin or wire end off connection grid
    ; warning
    @(13389 mils, 3622 mils): Horizontal Wire, length 300 mils
[endpoint_off_grid]: Symbol pin or wire end off connection grid
    ; warning
    @(13389 mils, 3622 mils): Symbol R29 Pin 2 [Passive, Line]
[endpoint_off_grid]: Symbol pin or wire end off connection grid
    ; warning
    @(13389 mils, 4567 mils): Horizontal Wire, length 300 mils
[endpoint_off_grid]: Symbol pin or wire end off connection grid
    ; warning
    @(13389 mils, 4567 mils): Symbol R32 Pin 2 [Passive, Line]
[endpoint_off_grid]: Symbol pin or wire end off connection grid
    ; warning
    @(13389 mils, 5512 mils): Horizontal Wire, length 300 mils
[endpoint_off_grid]: Symbol pin or wire end off connection grid
    ; warning
    @(13586 mils, 8243 mils): Horizontal Wire, length 300 mils
[endpoint_off_grid]: Symbol pin or wire end off connection grid
    ; warning
    @(13586 mils, 8443 mils): Horizontal Wire, length 300 mils
[endpoint_off_grid]: Symbol pin or wire end off connection grid
    ; warning
    @(13586 mils, 8643 mils): Horizontal Wire, length 300 mils
[endpoint_off_grid]: Symbol pin or wire end off connection grid
    ; warning
    @(13586 mils, 8843 mils): Horizontal Wire, length 300 mils
[endpoint_off_grid]: Symbol pin or wire end off connection grid
    ; warning
    @(2359 mils, 1965 mils): Horizontal Wire, length 300 mils
[endpoint_off_grid]: Symbol pin or wire end off connection grid
    ; warning
    @(2359 mils, 2165 mils): Horizontal Wire, length 300 mils
[endpoint_off_grid]: Symbol pin or wire end off connection grid
    ; warning
    @(2359 mils, 2365 mils): Symbol RV1 Pin 3 [END_3, Passive, Line]
[endpoint_off_grid]: Symbol pin or wire end off connection grid
    ; warning
    @(2359 mils, 2365 mils): Horizontal Wire, length 300 mils
[endpoint_off_grid]: Symbol pin or wire end off connection grid
    ; warning
    @(2753 mils, 3937 mils): Horizontal Wire, length 300 mils
[endpoint_off_grid]: Symbol pin or wire end off connection grid
    ; warning
    @(2753 mils, 3937 mils): Symbol R37 Pin 1 [Passive, Line]
[endpoint_off_grid]: Symbol pin or wire end off connection grid
    ; warning
    @(2753 mils, 4882 mils): Horizontal Wire, length 300 mils
[endpoint_off_grid]: Symbol pin or wire end off connection grid
    ; warning
    @(2753 mils, 4882 mils): Symbol R39 Pin 1 [Passive, Line]
[endpoint_off_grid]: Symbol pin or wire end off connection grid
    ; warning
    @(2753 mils, 5827 mils): Horizontal Wire, length 300 mils
[endpoint_off_grid]: Symbol pin or wire end off connection grid
    ; warning
    @(2753 mils, 5827 mils): Symbol D16 Pin 1 [K, Passive, Line]
[endpoint_off_grid]: Symbol pin or wire end off connection grid
    ; warning
    @(2753 mils, 6772 mils): Horizontal Wire, length 300 mils
[endpoint_off_grid]: Symbol pin or wire end off connection grid
    ; warning
    @(3153 mils, 3937 mils): Horizontal Wire, length 300 mils
[endpoint_off_grid]: Symbol pin or wire end off connection grid
    ; warning
    @(3153 mils, 4882 mils): Horizontal Wire, length 300 mils
[endpoint_off_grid]: Symbol pin or wire end off connection grid
    ; warning
    @(3153 mils, 5827 mils): Horizontal Wire, length 300 mils
[endpoint_off_grid]: Symbol pin or wire end off connection grid
    ; warning
    @(3153 mils, 6772 mils): Horizontal Wire, length 300 mils
[endpoint_off_grid]: Symbol pin or wire end off connection grid
    ; warning
    @(3153 mils, 6772 mils): Symbol R43 Pin 2 [Passive, Line]
[endpoint_off_grid]: Symbol pin or wire end off connection grid
    ; warning
    @(7477 mils, 1965 mils): Horizontal Wire, length 300 mils
[endpoint_off_grid]: Symbol pin or wire end off connection grid
    ; warning
    @(7477 mils, 2165 mils): Horizontal Wire, length 300 mils
[endpoint_off_grid]: Symbol pin or wire end off connection grid
    ; warning
    @(7477 mils, 2365 mils): Symbol RV2 Pin 3 [END_3, Passive, Line]
[endpoint_off_grid]: Symbol pin or wire end off connection grid
    ; warning
    @(7477 mils, 2365 mils): Horizontal Wire, length 300 mils
[endpoint_off_grid]: Symbol pin or wire end off connection grid
    ; warning
    @(7871 mils, 3937 mils): Symbol C34 Pin 1 [Passive, Line]
[endpoint_off_grid]: Symbol pin or wire end off connection grid
    ; warning
    @(7871 mils, 3937 mils): Horizontal Wire, length 300 mils
[endpoint_off_grid]: Symbol pin or wire end off connection grid
    ; warning
    @(7871 mils, 4882 mils): Horizontal Wire, length 300 mils
[endpoint_off_grid]: Symbol pin or wire end off connection grid
    ; warning
    @(7871 mils, 4882 mils): Symbol R40 Pin 1 [Passive, Line]
[endpoint_off_grid]: Symbol pin or wire end off connection grid
    ; warning
    @(7871 mils, 5827 mils): Symbol R41 Pin 1 [Passive, Line]
[endpoint_off_grid]: Symbol pin or wire end off connection grid
    ; warning
    @(7871 mils, 5827 mils): Horizontal Wire, length 300 mils
[endpoint_off_grid]: Symbol pin or wire end off connection grid
    ; warning
    @(7871 mils, 6772 mils): Symbol R44 Pin 1 [Passive, Line]
[endpoint_off_grid]: Symbol pin or wire end off connection grid
    ; warning
    @(7871 mils, 6772 mils): Horizontal Wire, length 300 mils
[endpoint_off_grid]: Symbol pin or wire end off connection grid
    ; warning
    @(8271 mils, 3937 mils): Horizontal Wire, length 300 mils
[endpoint_off_grid]: Symbol pin or wire end off connection grid
    ; warning
    @(8271 mils, 4882 mils): Horizontal Wire, length 300 mils
[endpoint_off_grid]: Symbol pin or wire end off connection grid
    ; warning
    @(8271 mils, 5827 mils): Horizontal Wire, length 300 mils
[endpoint_off_grid]: Symbol pin or wire end off connection grid
    ; warning
    @(8271 mils, 6772 mils): Horizontal Wire, length 300 mils
[endpoint_off_grid]: Symbol pin or wire end off connection grid
    ; warning
    @(12635 mils, 1965 mils): Horizontal Wire, length 300 mils
[endpoint_off_grid]: Symbol pin or wire end off connection grid
    ; warning
    @(12635 mils, 2165 mils): Horizontal Wire, length 300 mils
[endpoint_off_grid]: Symbol pin or wire end off connection grid
    ; warning
    @(12635 mils, 2365 mils): Horizontal Wire, length 300 mils
[endpoint_off_grid]: Symbol pin or wire end off connection grid
    ; warning
    @(12635 mils, 2365 mils): Symbol JP1 Pin 3 [B, Passive, Line]
[endpoint_off_grid]: Symbol pin or wire end off connection grid
    ; warning
    @(12989 mils, 3937 mils): Horizontal Wire, length 300 mils
[endpoint_off_grid]: Symbol pin or wire end off connection grid
    ; warning
    @(12989 mils, 3937 mils): Symbol R38 Pin 1 [Passive, Line]
[endpoint_off_grid]: Symbol pin or wire end off connection grid
    ; warning
    @(12989 mils, 4882 mils): Horizontal Wire, length 300 mils
[endpoint_off_grid]: Symbol pin or wire end off connection grid
    ; warning
    @(12989 mils, 4882 mils): Symbol C35 Pin 1 [Passive, Line]
[endpoint_off_grid]: Symbol pin or wire end off connection grid
    ; warning
    @(12989 mils, 5827 mils): Horizontal Wire, length 300 mils
[endpoint_off_grid]: Symbol pin or wire end off connection grid
    ; warning
    @(12989 mils, 6772 mils): Symbol R45 Pin 1 [Passive, Line]
[endpoint_off_grid]: Symbol pin or wire end off connection grid
    ; warning
    @(12989 mils, 6772 mils): Horizontal Wire, length 300 mils
[endpoint_off_grid]: Symbol pin or wire end off connection grid
    ; warning
    @(13389 mils, 3937 mils): Horizontal Wire, length 300 mils
[endpoint_off_grid]: Symbol pin or wire end off connection grid
    ; warning
    @(13389 mils, 4882 mils): Horizontal Wire, length 300 mils
[endpoint_off_grid]: Symbol pin or wire end off connection grid
    ; warning
    @(13389 mils, 5827 mils): Horizontal Wire, length 300 mils
[endpoint_off_grid]: Symbol pin or wire end off connection grid
    ; warning
    @(13389 mils, 5827 mils): Symbol R42 Pin 2 [Passive, Line]
[endpoint_off_grid]: Symbol pin or wire end off connection grid
    ; warning
    @(13389 mils, 6772 mils): Horizontal Wire, length 300 mils
[endpoint_off_grid]: Symbol pin or wire end off connection grid
    ; warning
    @(1965 mils, 2559 mils): Symbol Q3 Pin 1 [BASE, Input, Line]
[endpoint_off_grid]: Symbol pin or wire end off connection grid
    ; warning
    @(1965 mils, 2559 mils): Horizontal Wire, length 300 mils
[endpoint_off_grid]: Symbol pin or wire end off connection grid
    ; warning
    @(2359 mils, 4721 mils): Horizontal Wire, length 300 mils
[endpoint_off_grid]: Symbol pin or wire end off connection grid
    ; warning
    @(2359 mils, 4921 mils): Horizontal Wire, length 300 mils
[endpoint_off_grid]: Symbol pin or wire end off connection grid
    ; warning
    @(2359 mils, 5121 mils): Symbol RV3 Pin 3 [END_3, Passive, Line]
[endpoint_off_grid]: Symbol pin or wire end off connection grid
    ; warning
    @(2359 mils, 5121 mils): Horizontal Wire, length 300 mils
[endpoint_off_grid]: Symbol pin or wire end off connection grid
    ; warning
    @(3940 mils, 2459 mils): Horizontal Wire, length 300 mils
[endpoint_off_grid]: Symbol pin or wire end off connection grid
    ; warning
    @(3940 mils, 2659 mils): Horizontal Wire, length 300 mils
[endpoint_off_grid]: Symbol pin or wire end off connection grid
    ; warning
    @(7083 mils, 2559 mils): Horizontal Wire, length 300 mils
[endpoint_off_grid]: Symbol pin or wire end off connection grid
    ; warning
    @(7477 mils, 4721 mils): Horizontal Wire, length 300 mils
[endpoint_off_grid]: Symbol pin or wire end off connection grid
    ; warning
    @(7477 mils, 4921 mils): Horizontal Wire, length 300 mils
[endpoint_off_grid]: Symbol pin or wire end off connection grid
    ; warning
    @(7477 mils, 4921 mils): Symbol RV4 Pin 2 [WIPER, Passive, Line]
[endpoint_off_grid]: Symbol pin or wire end off connection grid
    ; warning
    @(7477 mils, 5121 mils): Horizontal Wire, length 300 mils
[endpoint_off_grid]: Symbol pin or wire end off connection grid
    ; warning
    @(9058 mils, 2459 mils): Symbol Q4 Pin 3 [COLLECTOR, Passive, Line]
[endpoint_off_grid]: Symbol pin or wire end off connection grid
    ; warning
    @(9058 mils, 2459 mils): Horizontal Wire, length 300 mils
[endpoint_off_grid]: Symbol pin or wire end off connection grid
    ; warning
    @(9058 mils, 2659 mils): Horizontal Wire, length 300 mils
[endpoint_off_grid]: Symbol pin or wire end off connection grid
    ; warning
    @(12202 mils, 2259 mils): Horizontal Wire, length 300 mils
[endpoint_off_grid]: Symbol pin or wire end off connection grid
    ; warning
    @(12202 mils, 2459 mils): Horizontal Wire, length 300 mils
[endpoint_off_grid]: Symbol pin or wire end off connection grid
    ; warning
    @(12202 mils, 2659 mils): Symbol U4 Pin 5 [B+, Input, Line]
[endpoint_off_grid]: Symbol pin or wire end off connection grid
    ; warning
    @(12202 mils, 2659 mils): Horizontal Wire, length 300 mils
[endpoint_off_grid]: Symbol pin or wire end off connection grid
    ; warning
    @(12202 mils, 2859 mils): Horizontal Wire, length 300 mils
[endpoint_off_grid]: Symbol pin or wire end off connection grid
    ; warning
    @(12989 mils, 4921 mils): Symbol C36 Pin 1 [Passive, Line]
[endpoint_off_grid]: Symbol pin or wire end off connection grid
    ; warning
    @(12989 mils, 4921 mils): Horizontal Wire, length 300 mils
[endpoint_off_grid]: Symbol pin or wire end off connection grid
    ; warning
    @(13389 mils, 4921 mils): Horizontal Wire, length 300 mils
[endpoint_off_grid]: Symbol pin or wire end off connection grid
    ; warning
    @(13783 mils, 2259 mils): Horizontal Wire, length 300 mils
[endpoint_off_grid]: Symbol pin or wire end off connection grid
    ; warning
    @(13783 mils, 2459 mils): Horizontal Wire, length 300 mils
[endpoint_off_grid]: Symbol pin or wire end off connection grid
    ; warning
    @(13783 mils, 2659 mils): Horizontal Wire, length 300 mils
[endpoint_off_grid]: Symbol pin or wire end off connection grid
    ; warning
    @(13783 mils, 2859 mils): Horizontal Wire, length 300 mils
[endpoint_off_grid]: Symbol pin or wire end off connection grid
    ; warning
    @(2753 mils, 1890 mils): Horizontal Wire, length 300 mils
[endpoint_off_grid]: Symbol pin or wire end off connection grid
    ; warning
    @(2753 mils, 3780 mils): Horizontal Wire, length 300 mils
[endpoint_off_grid]: Symbol pin or wire end off connection grid
    ; warning
    @(2753 mils, 5669 mils): Symbol R50 Pin 1 [Passive, Line]
[endpoint_off_grid]: Symbol pin or wire end off connection grid
    ; warning
    @(2753 mils, 5669 mils): Horizontal Wire, length 300 mils
[endpoint_off_grid]: Symbol pin or wire end off connection grid
    ; warning
    @(2753 mils, 7559 mils): Symbol R52 Pin 1 [Passive, Line]
[endpoint_off_grid]: Symbol pin or wire end off connection grid
    ; warning
    @(2753 mils, 7559 mils): Horizontal Wire, length 300 mils
[endpoint_off_grid]: Symbol pin or wire end off connection grid
    ; warning
    @(3153 mils, 1890 mils): Symbol R46 Pin 2 [Passive, Line]
[endpoint_off_grid]: Symbol pin or wire end off connection grid
    ; warning
    @(3153 mils, 1890 mils): Horizontal Wire, length 300 mils
[endpoint_off_grid]: Symbol pin or wire end off connection grid
    ; warning
    @(3153 mils, 3780 mils): Symbol R48 Pin 2 [Passive, Line]
[endpoint_off_grid]: Symbol pin or wire end off connection grid
    ; warning
    @(3153 mils, 3780 mils): Horizontal Wire, length 300 mils
[endpoint_off_grid]: Symbol pin or wire end off connection grid
    ; warning
    @(3153 mils, 5669 mils): Horizontal Wire, length 300 mils
[endpoint_off_grid]: Symbol pin or wire end off connection grid
    ; warning
    @(3153 mils, 7559 mils): Horizontal Wire, length 300 mils
[endpoint_off_grid]: Symbol pin or wire end off connection grid
    ; warning
    @(7477 mils, 1890 mils): Horizontal Wire, length 300 mils
[endpoint_off_grid]: Symbol pin or wire end off connection grid
    ; warning
    @(7477 mils, 1890 mils): Symbol R47 Pin 1 [Passive, Line]
[endpoint_off_grid]: Symbol pin or wire end off connection grid
    ; warning
    @(7477 mils, 3780 mils): Horizontal Wire, length 300 mils
[endpoint_off_grid]: Symbol pin or wire end off connection grid
    ; warning
    @(7477 mils, 5669 mils): Horizontal Wire, length 300 mils
[endpoint_off_grid]: Symbol pin or wire end off connection grid
    ; warning
    @(7477 mils, 7559 mils): Symbol R53 Pin 1 [Passive, Line]
[endpoint_off_grid]: Symbol pin or wire end off connection grid
    ; warning
    @(7477 mils, 7559 mils): Horizontal Wire, length 300 mils
[endpoint_off_grid]: Symbol pin or wire end off connection grid
    ; warning
    @(7877 mils, 1890 mils): Horizontal Wire, length 300 mils
[endpoint_off_grid]: Symbol pin or wire end off connection grid
    ; warning
    @(7877 mils, 3780 mils): Symbol R49 Pin 2 [Passive, Line]
[endpoint_off_grid]: Symbol pin or wire end off connection grid
    ; warning
    @(7877 mils, 3780 mils): Horizontal Wire, length 300 mils
[endpoint_off_grid]: Symbol pin or wire end off connection grid
    ; warning
    @(7877 mils, 5669 mils): Symbol R51 Pin 2 [Passive, Line]
[endpoint_off_grid]: Symbol pin or wire end off connection grid
    ; warning
    @(7877 mils, 5669 mils): Horizontal Wire, length 300 mils
[endpoint_off_grid]: Symbol pin or wire end off connection grid
    ; warning
    @(7877 mils, 7559 mils): Horizontal Wire, length 300 mils
[endpoint_off_grid]: Symbol pin or wire end off connection grid
    ; warning
    @(11414 mils, 1890 mils): Horizontal Wire, length 300 mils
[endpoint_off_grid]: Symbol pin or wire end off connection grid
    ; warning
    @(11414 mils, 3780 mils): Horizontal Wire, length 300 mils
[endpoint_off_grid]: Symbol pin or wire end off connection grid
    ; warning
    @(11414 mils, 5669 mils): Horizontal Wire, length 300 mils
[endpoint_off_grid]: Symbol pin or wire end off connection grid
    ; warning
    @(11414 mils, 7559 mils): Horizontal Wire, length 300 mils
[endpoint_off_grid]: Symbol pin or wire end off connection grid
    ; warning
    @(13389 mils, 1790 mils): Horizontal Wire, length 300 mils
[endpoint_off_grid]: Symbol pin or wire end off connection grid
    ; warning
    @(13389 mils, 1990 mils): Symbol Q5 Pin 3 [SOURCE, Power input, Line]
[endpoint_off_grid]: Symbol pin or wire end off connection grid
    ; warning
    @(13389 mils, 1990 mils): Horizontal Wire, length 300 mils
[endpoint_off_grid]: Symbol pin or wire end off connection grid
    ; warning
    @(13389 mils, 3680 mils): Horizontal Wire, length 300 mils
[endpoint_off_grid]: Symbol pin or wire end off connection grid
    ; warning
    @(13389 mils, 3680 mils): Symbol Q6 Pin 2 [DRAIN, Open collector, Line]
[endpoint_off_grid]: Symbol pin or wire end off connection grid
    ; warning
    @(13389 mils, 3880 mils): Horizontal Wire, length 300 mils
[endpoint_off_grid]: Symbol pin or wire end off connection grid
    ; warning
    @(13389 mils, 5569 mils): Symbol Q7 Pin 2 [DRAIN, Open collector, Line]
[endpoint_off_grid]: Symbol pin or wire end off connection grid
    ; warning
    @(13389 mils, 5569 mils): Horizontal Wire, length 300 mils
[endpoint_off_grid]: Symbol pin or wire end off connection grid
    ; warning
    @(13389 mils, 5769 mils): Horizontal Wire, length 300 mils
[endpoint_off_grid]: Symbol pin or wire end off connection grid
    ; warning
    @(13389 mils, 7459 mils): Horizontal Wire, length 300 mils
[endpoint_off_grid]: Symbol pin or wire end off connection grid
    ; warning
    @(13389 mils, 7659 mils): Horizontal Wire, length 300 mils
[endpoint_off_grid]: Symbol pin or wire end off connection grid
    ; warning
    @(13389 mils, 7659 mils): Symbol Q8 Pin 3 [SOURCE, Power input, Line]
[endpoint_off_grid]: Symbol pin or wire end off connection grid
    ; warning
    @(2753 mils, 1890 mils): Horizontal Wire, length 300 mils
[endpoint_off_grid]: Symbol pin or wire end off connection grid
    ; warning
    @(2753 mils, 1890 mils): Symbol R54 Pin 1 [Passive, Line]
[endpoint_off_grid]: Symbol pin or wire end off connection grid
    ; warning
    @(2753 mils, 3780 mils): Horizontal Wire, length 300 mils
[endpoint_off_grid]: Symbol pin or wire end off connection grid
    ; warning
    @(2753 mils, 3780 mils): Symbol R56 Pin 1 [Passive, Line]
[endpoint_off_grid]: Symbol pin or wire end off connection grid
    ; warning
    @(2753 mils, 5669 mils): Horizontal Wire, length 300 mils
[endpoint_off_grid]: Symbol pin or wire end off connection grid
    ; warning
    @(2753 mils, 5669 mils): Symbol R58 Pin 1 [Passive, Line]
[endpoint_off_grid]: Symbol pin or wire end off connection grid
    ; warning
    @(2753 mils, 7559 mils): Horizontal Wire, length 300 mils
[endpoint_off_grid]: Symbol pin or wire end off connection grid
    ; warning
    @(3153 mils, 1890 mils): Horizontal Wire, length 300 mils
[endpoint_off_grid]: Symbol pin or wire end off connection grid
    ; warning
    @(3153 mils, 3780 mils): Horizontal Wire, length 300 mils
[endpoint_off_grid]: Symbol pin or wire end off connection grid
    ; warning
    @(3153 mils, 5669 mils): Horizontal Wire, length 300 mils
[endpoint_off_grid]: Symbol pin or wire end off connection grid
    ; warning
    @(3153 mils, 7559 mils): Horizontal Wire, length 300 mils
[endpoint_off_grid]: Symbol pin or wire end off connection grid
    ; warning
    @(3153 mils, 7559 mils): Symbol R60 Pin 2 [Passive, Line]
[endpoint_off_grid]: Symbol pin or wire end off connection grid
    ; warning
    @(7477 mils, 1890 mils): Symbol R55 Pin 1 [Passive, Line]
[endpoint_off_grid]: Symbol pin or wire end off connection grid
    ; warning
    @(7477 mils, 1890 mils): Horizontal Wire, length 300 mils
[endpoint_off_grid]: Symbol pin or wire end off connection grid
    ; warning
    @(7477 mils, 3780 mils): Symbol R57 Pin 1 [Passive, Line]
[endpoint_off_grid]: Symbol pin or wire end off connection grid
    ; warning
    @(7477 mils, 3780 mils): Horizontal Wire, length 300 mils
[endpoint_off_grid]: Symbol pin or wire end off connection grid
    ; warning
    @(7477 mils, 5669 mils): Horizontal Wire, length 300 mils
[endpoint_off_grid]: Symbol pin or wire end off connection grid
    ; warning
    @(7477 mils, 7559 mils): Symbol R61 Pin 1 [Passive, Line]
[endpoint_off_grid]: Symbol pin or wire end off connection grid
    ; warning
    @(7477 mils, 7559 mils): Horizontal Wire, length 300 mils
[endpoint_off_grid]: Symbol pin or wire end off connection grid
    ; warning
    @(7877 mils, 1890 mils): Horizontal Wire, length 300 mils
[endpoint_off_grid]: Symbol pin or wire end off connection grid
    ; warning
    @(7877 mils, 3780 mils): Horizontal Wire, length 300 mils
[endpoint_off_grid]: Symbol pin or wire end off connection grid
    ; warning
    @(7877 mils, 5669 mils): Horizontal Wire, length 300 mils
[endpoint_off_grid]: Symbol pin or wire end off connection grid
    ; warning
    @(7877 mils, 5669 mils): Symbol R59 Pin 2 [Passive, Line]
[endpoint_off_grid]: Symbol pin or wire end off connection grid
    ; warning
    @(7877 mils, 7559 mils): Horizontal Wire, length 300 mils
[endpoint_off_grid]: Symbol pin or wire end off connection grid
    ; warning
    @(11414 mils, 1890 mils): Horizontal Wire, length 300 mils
[endpoint_off_grid]: Symbol pin or wire end off connection grid
    ; warning
    @(11414 mils, 1890 mils): Symbol Q9 Pin 1 [IN, Input, Line]
[endpoint_off_grid]: Symbol pin or wire end off connection grid
    ; warning
    @(11414 mils, 3780 mils): Horizontal Wire, length 300 mils
[endpoint_off_grid]: Symbol pin or wire end off connection grid
    ; warning
    @(11414 mils, 5669 mils): Horizontal Wire, length 300 mils
[endpoint_off_grid]: Symbol pin or wire end off connection grid
    ; warning
    @(11414 mils, 7559 mils): Horizontal Wire, length 300 mils
[endpoint_off_grid]: Symbol pin or wire end off connection grid
    ; warning
    @(11414 mils, 7559 mils): Symbol Q12 Pin 1 [IN, Input, Line]
[endpoint_off_grid]: Symbol pin or wire end off connection grid
    ; warning
    @(13389 mils, 1790 mils): Horizontal Wire, length 300 mils
[endpoint_off_grid]: Symbol pin or wire end off connection grid
    ; warning
    @(13389 mils, 1990 mils): Horizontal Wire, length 300 mils
[endpoint_off_grid]: Symbol pin or wire end off connection grid
    ; warning
    @(13389 mils, 3680 mils): Horizontal Wire, length 300 mils
[endpoint_off_grid]: Symbol pin or wire end off connection grid
    ; warning
    @(13389 mils, 3880 mils): Horizontal Wire, length 300 mils
[endpoint_off_grid]: Symbol pin or wire end off connection grid
    ; warning
    @(13389 mils, 3880 mils): Symbol Q10 Pin 3 [SOURCE, Power input, Line]
[endpoint_off_grid]: Symbol pin or wire end off connection grid
    ; warning
    @(13389 mils, 5569 mils): Horizontal Wire, length 300 mils
[endpoint_off_grid]: Symbol pin or wire end off connection grid
    ; warning
    @(13389 mils, 5769 mils): Symbol Q11 Pin 3 [SOURCE, Power input, Line]
[endpoint_off_grid]: Symbol pin or wire end off connection grid
    ; warning
    @(13389 mils, 5769 mils): Horizontal Wire, length 300 mils
[endpoint_off_grid]: Symbol pin or wire end off connection grid
    ; warning
    @(13389 mils, 7459 mils): Horizontal Wire, length 300 mils
[endpoint_off_grid]: Symbol pin or wire end off connection grid
    ; warning
    @(13389 mils, 7659 mils): Horizontal Wire, length 300 mils
[endpoint_off_grid]: Symbol pin or wire end off connection grid
    ; warning
    @(3343 mils, 6260 mils): Horizontal Wire, length 300 mils
[endpoint_off_grid]: Symbol pin or wire end off connection grid
    ; warning
    @(3540 mils, 2250 mils): Horizontal Wire, length 300 mils
[endpoint_off_grid]: Symbol pin or wire end off connection grid
    ; warning
    @(3540 mils, 2450 mils): Horizontal Wire, length 300 mils
[endpoint_off_grid]: Symbol pin or wire end off connection grid
    ; warning
    @(3540 mils, 2650 mils): Horizontal Wire, length 300 mils
[endpoint_off_grid]: Symbol pin or wire end off connection grid
    ; warning
    @(3540 mils, 2850 mils): Horizontal Wire, length 300 mils
[endpoint_off_grid]: Symbol pin or wire end off connection grid
    ; warning
    @(3540 mils, 3050 mils): Horizontal Wire, length 300 mils
[endpoint_off_grid]: Symbol pin or wire end off connection grid
    ; warning
    @(3540 mils, 3250 mils): Horizontal Wire, length 300 mils
[endpoint_off_grid]: Symbol pin or wire end off connection grid
    ; warning
    @(3540 mils, 3450 mils): Horizontal Wire, length 300 mils
[endpoint_off_grid]: Symbol pin or wire end off connection grid
    ; warning
    @(3540 mils, 3650 mils): Horizontal Wire, length 300 mils
[endpoint_off_grid]: Symbol pin or wire end off connection grid
    ; warning
    @(3540 mils, 3850 mils): Horizontal Wire, length 300 mils
[endpoint_off_grid]: Symbol pin or wire end off connection grid
    ; warning
    @(3540 mils, 4050 mils): Horizontal Wire, length 300 mils
[endpoint_off_grid]: Symbol pin or wire end off connection grid
    ; warning
    @(3743 mils, 6260 mils): Symbol C37 Pin 2 [Passive, Line]
[endpoint_off_grid]: Symbol pin or wire end off connection grid
    ; warning
    @(3743 mils, 6260 mils): Horizontal Wire, length 300 mils
[endpoint_off_grid]: Symbol pin or wire end off connection grid
    ; warning
    @(5121 mils, 2250 mils): Horizontal Wire, length 300 mils
[endpoint_off_grid]: Symbol pin or wire end off connection grid
    ; warning
    @(5121 mils, 2450 mils): Horizontal Wire, length 300 mils
[endpoint_off_grid]: Symbol pin or wire end off connection grid
    ; warning
    @(5121 mils, 2650 mils): Symbol U5 Pin 16 [Y3, Output, Line]
[endpoint_off_grid]: Symbol pin or wire end off connection grid
    ; warning
    @(5121 mils, 2650 mils): Horizontal Wire, length 300 mils
[endpoint_off_grid]: Symbol pin or wire end off connection grid
    ; warning
    @(5121 mils, 2850 mils): Horizontal Wire, length 300 mils
[endpoint_off_grid]: Symbol pin or wire end off connection grid
    ; warning
    @(5121 mils, 3850 mils): Horizontal Wire, length 300 mils
[endpoint_off_grid]: Symbol pin or wire end off connection grid
    ; warning
    @(5121 mils, 4050 mils): Horizontal Wire, length 300 mils
[endpoint_off_grid]: Symbol pin or wire end off connection grid
    ; warning
    @(9052 mils, 1693 mils): Horizontal Wire, length 300 mils
[endpoint_off_grid]: Symbol pin or wire end off connection grid
    ; warning
    @(9052 mils, 2598 mils): Symbol R64 Pin 1 [Passive, Line]
[endpoint_off_grid]: Symbol pin or wire end off connection grid
    ; warning
    @(9052 mils, 2598 mils): Horizontal Wire, length 300 mils
[endpoint_off_grid]: Symbol pin or wire end off connection grid
    ; warning
    @(9052 mils, 3504 mils): Symbol R66 Pin 1 [Passive, Line]
[endpoint_off_grid]: Symbol pin or wire end off connection grid
    ; warning
    @(9052 mils, 3504 mils): Horizontal Wire, length 300 mils
[endpoint_off_grid]: Symbol pin or wire end off connection grid
    ; warning
    @(9052 mils, 4409 mils): Horizontal Wire, length 300 mils
[endpoint_off_grid]: Symbol pin or wire end off connection grid
    ; warning
    @(9052 mils, 4409 mils): Symbol R68 Pin 1 [Passive, Line]
[endpoint_off_grid]: Symbol pin or wire end off connection grid
    ; warning
    @(9452 mils, 1693 mils): Horizontal Wire, length 300 mils
[endpoint_off_grid]: Symbol pin or wire end off connection grid
    ; warning
    @(9452 mils, 1693 mils): Symbol R62 Pin 2 [Passive, Line]
[endpoint_off_grid]: Symbol pin or wire end off connection grid
    ; warning
    @(9452 mils, 2598 mils): Horizontal Wire, length 300 mils
[endpoint_off_grid]: Symbol pin or wire end off connection grid
    ; warning
    @(9452 mils, 3504 mils): Horizontal Wire, length 300 mils
[endpoint_off_grid]: Symbol pin or wire end off connection grid
    ; warning
    @(9452 mils, 4409 mils): Horizontal Wire, length 300 mils
[endpoint_off_grid]: Symbol pin or wire end off connection grid
    ; warning
    @(2359 mils, 4567 mils): Horizontal Wire, length 300 mils
[endpoint_off_grid]: Symbol pin or wire end off connection grid
    ; warning
    @(2359 mils, 5787 mils): Horizontal Wire, length 300 mils
[endpoint_off_grid]: Symbol pin or wire end off connection grid
    ; warning
    @(2359 mils, 6890 mils): Symbol R84 Pin 1 [Passive, Line]
[endpoint_off_grid]: Symbol pin or wire end off connection grid
    ; warning
    @(2359 mils, 6890 mils): Horizontal Wire, length 300 mils
[endpoint_off_grid]: Symbol pin or wire end off connection grid
    ; warning
    @(2359 mils, 7992 mils): Horizontal Wire, length 300 mils
[endpoint_off_grid]: Symbol pin or wire end off connection grid
    ; warning
    @(2359 mils, 7992 mils): Symbol R86 Pin 1 [Passive, Line]
[endpoint_off_grid]: Symbol pin or wire end off connection grid
    ; warning
    @(2359 mils, 9094 mils): Symbol R88 Pin 1 [Passive, Line]
[endpoint_off_grid]: Symbol pin or wire end off connection grid
    ; warning
    @(2359 mils, 9094 mils): Horizontal Wire, length 300 mils
[endpoint_off_grid]: Symbol pin or wire end off connection grid
    ; warning
    @(2753 mils, 2102 mils): Horizontal Wire, length 300 mils
[endpoint_off_grid]: Symbol pin or wire end off connection grid
    ; warning
    @(2753 mils, 2302 mils): Horizontal Wire, length 300 mils
[endpoint_off_grid]: Symbol pin or wire end off connection grid
    ; warning
    @(2753 mils, 2302 mils): Symbol U6 Pin 4 [INB, Input, Line]
[endpoint_off_grid]: Symbol pin or wire end off connection grid
    ; warning
    @(2753 mils, 2502 mils): Horizontal Wire, length 300 mils
[endpoint_off_grid]: Symbol pin or wire end off connection grid
    ; warning
    @(2759 mils, 4567 mils): Symbol R78 Pin 2 [Passive, Line]
[endpoint_off_grid]: Symbol pin or wire end off connection grid
    ; warning
    @(2759 mils, 4567 mils): Horizontal Wire, length 300 mils
[endpoint_off_grid]: Symbol pin or wire end off connection grid
    ; warning
    @(2759 mils, 5787 mils): Symbol R82 Pin 2 [Passive, Line]
[endpoint_off_grid]: Symbol pin or wire end off connection grid
    ; warning
    @(2759 mils, 5787 mils): Horizontal Wire, length 300 mils
[endpoint_off_grid]: Symbol pin or wire end off connection grid
    ; warning
    @(2759 mils, 6890 mils): Horizontal Wire, length 300 mils
[endpoint_off_grid]: Symbol pin or wire end off connection grid
    ; warning
    @(2759 mils, 7992 mils): Horizontal Wire, length 300 mils
[endpoint_off_grid]: Symbol pin or wire end off connection grid
    ; warning
    @(2759 mils, 9094 mils): Horizontal Wire, length 300 mils
[endpoint_off_grid]: Symbol pin or wire end off connection grid
    ; warning
    @(3343 mils, 3937 mils): Horizontal Wire, length 300 mils
[endpoint_off_grid]: Symbol pin or wire end off connection grid
    ; warning
    @(3343 mils, 3937 mils): Symbol C38 Pin 1 [Passive, Line]
[endpoint_off_grid]: Symbol pin or wire end off connection grid
    ; warning
    @(3743 mils, 3937 mils): Horizontal Wire, length 300 mils
[endpoint_off_grid]: Symbol pin or wire end off connection grid
    ; warning
    @(4334 mils, 2102 mils): Horizontal Wire, length 300 mils
[endpoint_off_grid]: Symbol pin or wire end off connection grid
    ; warning
    @(4334 mils, 2302 mils): Horizontal Wire, length 300 mils
[endpoint_off_grid]: Symbol pin or wire end off connection grid
    ; warning
    @(4334 mils, 2502 mils): Horizontal Wire, length 300 mils
[endpoint_off_grid]: Symbol pin or wire end off connection grid
    ; warning
    @(6296 mils, 4567 mils): Symbol R79 Pin 1 [Passive, Line]
[endpoint_off_grid]: Symbol pin or wire end off connection grid
    ; warning
    @(6296 mils, 4567 mils): Horizontal Wire, length 300 mils
[endpoint_off_grid]: Symbol pin or wire end off connection grid
    ; warning
    @(6696 mils, 4567 mils): Horizontal Wire, length 300 mils
[endpoint_off_grid]: Symbol pin or wire end off connection grid
    ; warning
    @(7280 mils, 5787 mils): Horizontal Wire, length 300 mils
[endpoint_off_grid]: Symbol pin or wire end off connection grid
    ; warning
    @(7280 mils, 6890 mils): Horizontal Wire, length 300 mils
[endpoint_off_grid]: Symbol pin or wire end off connection grid
    ; warning
    @(7280 mils, 7992 mils): Symbol R87 Pin 1 [Passive, Line]
[endpoint_off_grid]: Symbol pin or wire end off connection grid
    ; warning
    @(7280 mils, 7992 mils): Horizontal Wire, length 300 mils
[endpoint_off_grid]: Symbol pin or wire end off connection grid
    ; warning
    @(7280 mils, 9094 mils): Symbol R89 Pin 1 [Passive, Line]
[endpoint_off_grid]: Symbol pin or wire end off connection grid
    ; warning
    @(7280 mils, 9094 mils): Horizontal Wire, length 300 mils
[endpoint_off_grid]: Symbol pin or wire end off connection grid
    ; warning
    @(7680 mils, 5787 mils): Symbol R83 Pin 2 [Passive, Line]
[endpoint_off_grid]: Symbol pin or wire end off connection grid
    ; warning
    @(7680 mils, 5787 mils): Horizontal Wire, length 300 mils
[endpoint_off_grid]: Symbol pin or wire end off connection grid
    ; warning
    @(7680 mils, 6890 mils): Horizontal Wire, length 300 mils
[endpoint_off_grid]: Symbol pin or wire end off connection grid
    ; warning
    @(7680 mils, 6890 mils): Symbol R85 Pin 2 [Passive, Line]
[endpoint_off_grid]: Symbol pin or wire end off connection grid
    ; warning
    @(7680 mils, 7992 mils): Horizontal Wire, length 300 mils
[endpoint_off_grid]: Symbol pin or wire end off connection grid
    ; warning
    @(7680 mils, 9094 mils): Horizontal Wire, length 300 mils
[endpoint_off_grid]: Symbol pin or wire end off connection grid
    ; warning
    @(10627 mils, 4567 mils): Symbol R80 Pin 1 [Passive, Line]
[endpoint_off_grid]: Symbol pin or wire end off connection grid
    ; warning
    @(10627 mils, 4567 mils): Horizontal Wire, length 300 mils
[endpoint_off_grid]: Symbol pin or wire end off connection grid
    ; warning
    @(11027 mils, 4567 mils): Horizontal Wire, length 300 mils
[endpoint_off_grid]: Symbol pin or wire end off connection grid
    ; warning
    @(11414 mils, 2102 mils): Symbol U7 Pin 2 [INA, Input, Line]
[endpoint_off_grid]: Symbol pin or wire end off connection grid
    ; warning
    @(11414 mils, 2102 mils): Horizontal Wire, length 300 mils
[endpoint_off_grid]: Symbol pin or wire end off connection grid
    ; warning
    @(11414 mils, 2302 mils): Horizontal Wire, length 300 mils
[endpoint_off_grid]: Symbol pin or wire end off connection grid
    ; warning
    @(11414 mils, 2502 mils): Horizontal Wire, length 300 mils
[endpoint_off_grid]: Symbol pin or wire end off connection grid
    ; warning
    @(11414 mils, 5787 mils): Horizontal Wire, length 300 mils
[endpoint_off_grid]: Symbol pin or wire end off connection grid
    ; warning
    @(11414 mils, 6890 mils): Horizontal Wire, length 300 mils
[endpoint_off_grid]: Symbol pin or wire end off connection grid
    ; warning
    @(11414 mils, 7992 mils): Symbol Q15 Pin 1 [INPUT, Input, Line]
[endpoint_off_grid]: Symbol pin or wire end off connection grid
    ; warning
    @(11414 mils, 7992 mils): Horizontal Wire, length 300 mils
[endpoint_off_grid]: Symbol pin or wire end off connection grid
    ; warning
    @(11414 mils, 9094 mils): Symbol Q16 Pin 1 [INPUT, Input, Line]
[endpoint_off_grid]: Symbol pin or wire end off connection grid
    ; warning
    @(11414 mils, 9094 mils): Horizontal Wire, length 300 mils
[endpoint_off_grid]: Symbol pin or wire end off connection grid
    ; warning
    @(12005 mils, 3937 mils): Horizontal Wire, length 300 mils
[endpoint_off_grid]: Symbol pin or wire end off connection grid
    ; warning
    @(12405 mils, 3937 mils): Horizontal Wire, length 300 mils
[endpoint_off_grid]: Symbol pin or wire end off connection grid
    ; warning
    @(12405 mils, 3937 mils): Symbol C39 Pin 2 [Passive, Line]
[endpoint_off_grid]: Symbol pin or wire end off connection grid
    ; warning
    @(12995 mils, 2102 mils): Horizontal Wire, length 300 mils
[endpoint_off_grid]: Symbol pin or wire end off connection grid
    ; warning
    @(12995 mils, 2302 mils): Horizontal Wire, length 300 mils
[endpoint_off_grid]: Symbol pin or wire end off connection grid
    ; warning
    @(12995 mils, 2502 mils): Horizontal Wire, length 300 mils
[endpoint_off_grid]: Symbol pin or wire end off connection grid
    ; warning
    @(13389 mils, 5687 mils): Horizontal Wire, length 300 mils
[endpoint_off_grid]: Symbol pin or wire end off connection grid
    ; warning
    @(13389 mils, 5887 mils): Horizontal Wire, length 300 mils
[endpoint_off_grid]: Symbol pin or wire end off connection grid
    ; warning
    @(13389 mils, 5887 mils): Symbol Q13 Pin 3 [EMITTER, Power input, Line]
[endpoint_off_grid]: Symbol pin or wire end off connection grid
    ; warning
    @(13389 mils, 6790 mils): Horizontal Wire, length 300 mils
[endpoint_off_grid]: Symbol pin or wire end off connection grid
    ; warning
    @(13389 mils, 6990 mils): Horizontal Wire, length 300 mils
[endpoint_off_grid]: Symbol pin or wire end off connection grid
    ; warning
    @(13389 mils, 6990 mils): Symbol Q14 Pin 3 [EMITTER, Power input, Line]
[endpoint_off_grid]: Symbol pin or wire end off connection grid
    ; warning
    @(13389 mils, 7892 mils): Horizontal Wire, length 300 mils
[endpoint_off_grid]: Symbol pin or wire end off connection grid
    ; warning
    @(13389 mils, 8092 mils): Horizontal Wire, length 300 mils
[endpoint_off_grid]: Symbol pin or wire end off connection grid
    ; warning
    @(13389 mils, 8994 mils): Horizontal Wire, length 300 mils
[endpoint_off_grid]: Symbol pin or wire end off connection grid
    ; warning
    @(13389 mils, 9194 mils): Horizontal Wire, length 300 mils
[endpoint_off_grid]: Symbol pin or wire end off connection grid
    ; warning
    @(14564 mils, 4567 mils): Horizontal Wire, length 300 mils
[endpoint_off_grid]: Symbol pin or wire end off connection grid
    ; warning
    @(14564 mils, 4567 mils): Symbol R81 Pin 1 [Passive, Line]
[endpoint_off_grid]: Symbol pin or wire end off connection grid
    ; warning
    @(14964 mils, 4567 mils): Horizontal Wire, length 300 mils
[endpoint_off_grid]: Symbol pin or wire end off connection grid
    ; warning
    @(2556 mils, 2126 mils): Horizontal Wire, length 300 mils
[endpoint_off_grid]: Symbol pin or wire end off connection grid
    ; warning
    @(2556 mils, 4646 mils): Horizontal Wire, length 300 mils
[endpoint_off_grid]: Symbol pin or wire end off connection grid
    ; warning
    @(2556 mils, 7165 mils): Horizontal Wire, length 300 mils
[endpoint_off_grid]: Symbol pin or wire end off connection grid
    ; warning
    @(2956 mils, 2126 mils): Symbol R90 Pin 2 [Passive, Line]
[endpoint_off_grid]: Symbol pin or wire end off connection grid
    ; warning
    @(2956 mils, 2126 mils): Horizontal Wire, length 300 mils
[endpoint_off_grid]: Symbol pin or wire end off connection grid
    ; warning
    @(2956 mils, 4646 mils): Symbol R92 Pin 2 [Passive, Line]
[endpoint_off_grid]: Symbol pin or wire end off connection grid
    ; warning
    @(2956 mils, 4646 mils): Horizontal Wire, length 300 mils
[endpoint_off_grid]: Symbol pin or wire end off connection grid
    ; warning
    @(2956 mils, 7165 mils): Symbol R94 Pin 2 [Passive, Line]
[endpoint_off_grid]: Symbol pin or wire end off connection grid
    ; warning
    @(2956 mils, 7165 mils): Horizontal Wire, length 300 mils
[endpoint_off_grid]: Symbol pin or wire end off connection grid
    ; warning
    @(7280 mils, 2126 mils): Horizontal Wire, length 300 mils
[endpoint_off_grid]: Symbol pin or wire end off connection grid
    ; warning
    @(7280 mils, 3110 mils): Symbol D17 Pin 1 [K, Passive, Line]
[endpoint_off_grid]: Symbol pin or wire end off connection grid
    ; warning
    @(7280 mils, 3110 mils): Horizontal Wire, length 300 mils
[endpoint_off_grid]: Symbol pin or wire end off connection grid
    ; warning
    @(7280 mils, 4646 mils): Horizontal Wire, length 300 mils
[endpoint_off_grid]: Symbol pin or wire end off connection grid
    ; warning
    @(7280 mils, 4646 mils): Symbol R93 Pin 1 [Passive, Line]
[endpoint_off_grid]: Symbol pin or wire end off connection grid
    ; warning
    @(7280 mils, 5630 mils): Horizontal Wire, length 300 mils
[endpoint_off_grid]: Symbol pin or wire end off connection grid
    ; warning
    @(7280 mils, 7165 mils): Horizontal Wire, length 300 mils
[endpoint_off_grid]: Symbol pin or wire end off connection grid
    ; warning
    @(7280 mils, 8150 mils): Horizontal Wire, length 300 mils
[endpoint_off_grid]: Symbol pin or wire end off connection grid
    ; warning
    @(7280 mils, 8150 mils): Symbol D19 Pin 1 [K, Passive, Line]
[endpoint_off_grid]: Symbol pin or wire end off connection grid
    ; warning
    @(7680 mils, 2126 mils): Horizontal Wire, length 300 mils
[endpoint_off_grid]: Symbol pin or wire end off connection grid
    ; warning
    @(7680 mils, 2126 mils): Symbol R91 Pin 2 [Passive, Line]
[endpoint_off_grid]: Symbol pin or wire end off connection grid
    ; warning
    @(7680 mils, 3110 mils): Horizontal Wire, length 300 mils
[endpoint_off_grid]: Symbol pin or wire end off connection grid
    ; warning
    @(7680 mils, 4646 mils): Horizontal Wire, length 300 mils
[endpoint_off_grid]: Symbol pin or wire end off connection grid
    ; warning
    @(7680 mils, 5630 mils): Horizontal Wire, length 300 mils
[endpoint_off_grid]: Symbol pin or wire end off connection grid
    ; warning
    @(7680 mils, 5630 mils): Symbol D18 Pin 2 [A, Passive, Line]
[endpoint_off_grid]: Symbol pin or wire end off connection grid
    ; warning
    @(7680 mils, 7165 mils): Horizontal Wire, length 300 mils
[endpoint_off_grid]: Symbol pin or wire end off connection grid
    ; warning
    @(7680 mils, 7165 mils): Symbol R95 Pin 2 [Passive, Line]
[endpoint_off_grid]: Symbol pin or wire end off connection grid
    ; warning
    @(7680 mils, 8150 mils): Horizontal Wire, length 300 mils
[endpoint_off_grid]: Symbol pin or wire end off connection grid
    ; warning
    @(11414 mils, 2126 mils): Horizontal Wire, length 300 mils
[endpoint_off_grid]: Symbol pin or wire end off connection grid
    ; warning
    @(11414 mils, 4646 mils): Horizontal Wire, length 300 mils
[endpoint_off_grid]: Symbol pin or wire end off connection grid
    ; warning
    @(11414 mils, 4646 mils): Symbol Q18 Pin 1 [IN, Input, Line]
[endpoint_off_grid]: Symbol pin or wire end off connection grid
    ; warning
    @(11414 mils, 7165 mils): Horizontal Wire, length 300 mils
[endpoint_off_grid]: Symbol pin or wire end off connection grid
    ; warning
    @(11414 mils, 7165 mils): Symbol Q19 Pin 1 [IN, Input, Line]
[endpoint_off_grid]: Symbol pin or wire end off connection grid
    ; warning
    @(13389 mils, 2026 mils): Symbol Q17 Pin 2 [DRAIN, Open collector, Line]
[endpoint_off_grid]: Symbol pin or wire end off connection grid
    ; warning
    @(13389 mils, 2026 mils): Horizontal Wire, length 300 mils
[endpoint_off_grid]: Symbol pin or wire end off connection grid
    ; warning
    @(13389 mils, 2226 mils): Horizontal Wire, length 300 mils
[endpoint_off_grid]: Symbol pin or wire end off connection grid
    ; warning
    @(13389 mils, 4546 mils): Horizontal Wire, length 300 mils
[endpoint_off_grid]: Symbol pin or wire end off connection grid
    ; warning
    @(13389 mils, 4746 mils): Horizontal Wire, length 300 mils
[endpoint_off_grid]: Symbol pin or wire end off connection grid
    ; warning
    @(13389 mils, 7065 mils): Horizontal Wire, length 300 mils
[endpoint_off_grid]: Symbol pin or wire end off connection grid
    ; warning
    @(13389 mils, 7265 mils): Horizontal Wire, length 300 mils
[endpoint_off_grid]: Symbol pin or wire end off connection grid
    ; warning
    @(2556 mils, 7165 mils): Horizontal Wire, length 300 mils
[endpoint_off_grid]: Symbol pin or wire end off connection grid
    ; warning
    @(2556 mils, 7165 mils): Symbol R100 Pin 1 [Passive, Line]
[endpoint_off_grid]: Symbol pin or wire end off connection grid
    ; warning
    @(2956 mils, 7165 mils): Horizontal Wire, length 300 mils
[endpoint_off_grid]: Symbol pin or wire end off connection grid
    ; warning
    @(7280 mils, 7165 mils): Horizontal Wire, length 300 mils
[endpoint_off_grid]: Symbol pin or wire end off connection grid
    ; warning
    @(7280 mils, 8150 mils): Horizontal Wire, length 300 mils
[endpoint_off_grid]: Symbol pin or wire end off connection grid
    ; warning
    @(7280 mils, 8150 mils): Symbol D22 Pin 1 [K, Passive, Line]
[endpoint_off_grid]: Symbol pin or wire end off connection grid
    ; warning
    @(7680 mils, 7165 mils): Horizontal Wire, length 300 mils
[endpoint_off_grid]: Symbol pin or wire end off connection grid
    ; warning
    @(7680 mils, 7165 mils): Symbol R101 Pin 2 [Passive, Line]
[endpoint_off_grid]: Symbol pin or wire end off connection grid
    ; warning
    @(7680 mils, 8150 mils): Horizontal Wire, length 300 mils
[endpoint_off_grid]: Symbol pin or wire end off connection grid
    ; warning
    @(11414 mils, 7165 mils): Horizontal Wire, length 300 mils
[endpoint_off_grid]: Symbol pin or wire end off connection grid
    ; warning
    @(13389 mils, 7065 mils): Horizontal Wire, length 300 mils
[endpoint_off_grid]: Symbol pin or wire end off connection grid
    ; warning
    @(13389 mils, 7265 mils): Horizontal Wire, length 300 mils
[endpoint_off_grid]: Symbol pin or wire end off connection grid
    ; warning
    @(13389 mils, 7265 mils): Symbol Q22 Pin 3 [SOURCE, Power input, Line]
[endpoint_off_grid]: Symbol pin or wire end off connection grid
    ; warning
    @(2556 mils, 2126 mils): Symbol R102 Pin 1 [Passive, Line]
[endpoint_off_grid]: Symbol pin or wire end off connection grid
    ; warning
    @(2556 mils, 2126 mils): Horizontal Wire, length 300 mils
[endpoint_off_grid]: Symbol pin or wire end off connection grid
    ; warning
    @(2556 mils, 4646 mils): Symbol R104 Pin 1 [Passive, Line]
[endpoint_off_grid]: Symbol pin or wire end off connection grid
    ; warning
    @(2556 mils, 4646 mils): Horizontal Wire, length 300 mils
[endpoint_off_grid]: Symbol pin or wire end off connection grid
    ; warning
    @(2956 mils, 2126 mils): Horizontal Wire, length 300 mils
[endpoint_off_grid]: Symbol pin or wire end off connection grid
    ; warning
    @(2956 mils, 4646 mils): Horizontal Wire, length 300 mils
[endpoint_off_grid]: Symbol pin or wire end off connection grid
    ; warning
    @(7280 mils, 2126 mils): Symbol R103 Pin 1 [Passive, Line]
[endpoint_off_grid]: Symbol pin or wire end off connection grid
    ; warning
    @(7280 mils, 2126 mils): Horizontal Wire, length 300 mils
[endpoint_off_grid]: Symbol pin or wire end off connection grid
    ; warning
    @(7280 mils, 3110 mils): Horizontal Wire, length 300 mils
[endpoint_off_grid]: Symbol pin or wire end off connection grid
    ; warning
    @(7280 mils, 3110 mils): Symbol D23 Pin 1 [K, Passive, Line]
[endpoint_off_grid]: Symbol pin or wire end off connection grid
    ; warning
    @(7280 mils, 4646 mils): Horizontal Wire, length 300 mils
[endpoint_off_grid]: Symbol pin or wire end off connection grid
    ; warning
    @(7280 mils, 4646 mils): Symbol R105 Pin 1 [Passive, Line]
[endpoint_off_grid]: Symbol pin or wire end off connection grid
    ; warning
    @(7280 mils, 5630 mils): Horizontal Wire, length 300 mils
[endpoint_off_grid]: Symbol pin or wire end off connection grid
    ; warning
    @(7680 mils, 2126 mils): Horizontal Wire, length 300 mils
[endpoint_off_grid]: Symbol pin or wire end off connection grid
    ; warning
    @(7680 mils, 3110 mils): Horizontal Wire, length 300 mils
[endpoint_off_grid]: Symbol pin or wire end off connection grid
    ; warning
    @(7680 mils, 4646 mils): Horizontal Wire, length 300 mils
[endpoint_off_grid]: Symbol pin or wire end off connection grid
    ; warning
    @(7680 mils, 5630 mils): Symbol D24 Pin 2 [A, Passive, Line]
[endpoint_off_grid]: Symbol pin or wire end off connection grid
    ; warning
    @(7680 mils, 5630 mils): Horizontal Wire, length 300 mils
[endpoint_off_grid]: Symbol pin or wire end off connection grid
    ; warning
    @(11414 mils, 2126 mils): Horizontal Wire, length 300 mils
[endpoint_off_grid]: Symbol pin or wire end off connection grid
    ; warning
    @(11414 mils, 4646 mils): Symbol Q24 Pin 1 [IN, Input, Line]
[endpoint_off_grid]: Symbol pin or wire end off connection grid
    ; warning
    @(11414 mils, 4646 mils): Horizontal Wire, length 300 mils
[endpoint_off_grid]: Symbol pin or wire end off connection grid
    ; warning
    @(13389 mils, 2026 mils): Horizontal Wire, length 300 mils
[endpoint_off_grid]: Symbol pin or wire end off connection grid
    ; warning
    @(13389 mils, 2226 mils): Symbol Q23 Pin 3 [SOURCE, Power input, Line]
[endpoint_off_grid]: Symbol pin or wire end off connection grid
    ; warning
    @(13389 mils, 2226 mils): Horizontal Wire, length 300 mils
[endpoint_off_grid]: Symbol pin or wire end off connection grid
    ; warning
    @(13389 mils, 4546 mils): Horizontal Wire, length 300 mils
[endpoint_off_grid]: Symbol pin or wire end off connection grid
    ; warning
    @(13389 mils, 4746 mils): Horizontal Wire, length 300 mils
[endpoint_off_grid]: Symbol pin or wire end off connection grid
    ; warning
    @(2556 mils, 2047 mils): Horizontal Wire, length 300 mils
[endpoint_off_grid]: Symbol pin or wire end off connection grid
    ; warning
    @(2556 mils, 3819 mils): Horizontal Wire, length 300 mils
[endpoint_off_grid]: Symbol pin or wire end off connection grid
    ; warning
    @(2556 mils, 3819 mils): Symbol R110 Pin 1 [Passive, Line]
[endpoint_off_grid]: Symbol pin or wire end off connection grid
    ; warning
    @(2956 mils, 2047 mils): Horizontal Wire, length 300 mils
[endpoint_off_grid]: Symbol pin or wire end off connection grid
    ; warning
    @(2956 mils, 2047 mils): Symbol R108 Pin 2 [Passive, Line]
[endpoint_off_grid]: Symbol pin or wire end off connection grid
    ; warning
    @(2956 mils, 3819 mils): Horizontal Wire, length 300 mils
[endpoint_off_grid]: Symbol pin or wire end off connection grid
    ; warning
    @(7280 mils, 2047 mils): Horizontal Wire, length 300 mils
[endpoint_off_grid]: Symbol pin or wire end off connection grid
    ; warning
    @(7280 mils, 3819 mils): Horizontal Wire, length 300 mils
[endpoint_off_grid]: Symbol pin or wire end off connection grid
    ; warning
    @(7680 mils, 2047 mils): Symbol R109 Pin 2 [Passive, Line]
[endpoint_off_grid]: Symbol pin or wire end off connection grid
    ; warning
    @(7680 mils, 2047 mils): Horizontal Wire, length 300 mils
[endpoint_off_grid]: Symbol pin or wire end off connection grid
    ; warning
    @(7680 mils, 3819 mils): Symbol R111 Pin 2 [Passive, Line]
[endpoint_off_grid]: Symbol pin or wire end off connection grid
    ; warning
    @(7680 mils, 3819 mils): Horizontal Wire, length 300 mils
[endpoint_off_grid]: Symbol pin or wire end off connection grid
    ; warning
    @(11414 mils, 2047 mils): Horizontal Wire, length 300 mils
[endpoint_off_grid]: Symbol pin or wire end off connection grid
    ; warning
    @(11414 mils, 2047 mils): Symbol Q26 Pin 1 [IN, Input, Line]
[endpoint_off_grid]: Symbol pin or wire end off connection grid
    ; warning
    @(11414 mils, 3819 mils): Horizontal Wire, length 300 mils
[endpoint_off_grid]: Symbol pin or wire end off connection grid
    ; warning
    @(11414 mils, 3819 mils): Symbol Q27 Pin 1 [IN, Input, Line]
[endpoint_off_grid]: Symbol pin or wire end off connection grid
    ; warning
    @(13389 mils, 1947 mils): Horizontal Wire, length 300 mils
[endpoint_off_grid]: Symbol pin or wire end off connection grid
    ; warning
    @(13389 mils, 2147 mils): Horizontal Wire, length 300 mils
[endpoint_off_grid]: Symbol pin or wire end off connection grid
    ; warning
    @(13389 mils, 3719 mils): Horizontal Wire, length 300 mils
[endpoint_off_grid]: Symbol pin or wire end off connection grid
    ; warning
    @(13389 mils, 3919 mils): Horizontal Wire, length 300 mils
[endpoint_off_grid]: Symbol pin or wire end off connection grid
    ; warning
    @(2556 mils, 1969 mils): Horizontal Wire, length 300 mils
[endpoint_off_grid]: Symbol pin or wire end off connection grid
    ; warning
    @(2556 mils, 1969 mils): Symbol R116 Pin 1 [Passive, Line]
[endpoint_off_grid]: Symbol pin or wire end off connection grid
    ; warning
    @(2556 mils, 2756 mils): Horizontal Wire, length 300 mils
[endpoint_off_grid]: Symbol pin or wire end off connection grid
    ; warning
    @(2556 mils, 3780 mils): Horizontal Wire, length 300 mils
[endpoint_off_grid]: Symbol pin or wire end off connection grid
    ; warning
    @(2556 mils, 4567 mils): Symbol R119 Pin 1 [Passive, Line]
[endpoint_off_grid]: Symbol pin or wire end off connection grid
    ; warning
    @(2556 mils, 4567 mils): Horizontal Wire, length 300 mils
[endpoint_off_grid]: Symbol pin or wire end off connection grid
    ; warning
    @(2556 mils, 5591 mils): Horizontal Wire, length 300 mils
[endpoint_off_grid]: Symbol pin or wire end off connection grid
    ; warning
    @(2556 mils, 6378 mils): Symbol R121 Pin 1 [Passive, Line]
[endpoint_off_grid]: Symbol pin or wire end off connection grid
    ; warning
    @(2556 mils, 6378 mils): Horizontal Wire, length 300 mils
[endpoint_off_grid]: Symbol pin or wire end off connection grid
    ; warning
    @(2556 mils, 7402 mils): Symbol R122 Pin 1 [Passive, Line]
[endpoint_off_grid]: Symbol pin or wire end off connection grid
    ; warning
    @(2556 mils, 7402 mils): Horizontal Wire, length 300 mils
[endpoint_off_grid]: Symbol pin or wire end off connection grid
    ; warning
    @(2556 mils, 8189 mils): Horizontal Wire, length 300 mils
[endpoint_off_grid]: Symbol pin or wire end off connection grid
    ; warning
    @(2956 mils, 1969 mils): Horizontal Wire, length 300 mils
[endpoint_off_grid]: Symbol pin or wire end off connection grid
    ; warning
    @(2956 mils, 2756 mils): Symbol R117 Pin 2 [Passive, Line]
[endpoint_off_grid]: Symbol pin or wire end off connection grid
    ; warning
    @(2956 mils, 2756 mils): Horizontal Wire, length 300 mils
[endpoint_off_grid]: Symbol pin or wire end off connection grid
    ; warning
    @(2956 mils, 3780 mils): Horizontal Wire, length 300 mils
[endpoint_off_grid]: Symbol pin or wire end off connection grid
    ; warning
    @(2956 mils, 3780 mils): Symbol R118 Pin 2 [Passive, Line]
[endpoint_off_grid]: Symbol pin or wire end off connection grid
    ; warning
    @(2956 mils, 4567 mils): Horizontal Wire, length 300 mils
[endpoint_off_grid]: Symbol pin or wire end off connection grid
    ; warning
    @(2956 mils, 5591 mils): Horizontal Wire, length 300 mils
[endpoint_off_grid]: Symbol pin or wire end off connection grid
    ; warning
    @(2956 mils, 5591 mils): Symbol R120 Pin 2 [Passive, Line]
[endpoint_off_grid]: Symbol pin or wire end off connection grid
    ; warning
    @(2956 mils, 6378 mils): Horizontal Wire, length 300 mils
[endpoint_off_grid]: Symbol pin or wire end off connection grid
    ; warning
    @(2956 mils, 7402 mils): Horizontal Wire, length 300 mils
[endpoint_off_grid]: Symbol pin or wire end off connection grid
    ; warning
    @(2956 mils, 8189 mils): Horizontal Wire, length 300 mils
[endpoint_off_grid]: Symbol pin or wire end off connection grid
    ; warning
    @(2956 mils, 8189 mils): Symbol R123 Pin 2 [Passive, Line]
[endpoint_off_grid]: Symbol pin or wire end off connection grid
    ; warning
    @(7280 mils, 1969 mils): Horizontal Wire, length 300 mils
[endpoint_off_grid]: Symbol pin or wire end off connection grid
    ; warning
    @(7280 mils, 3780 mils): Symbol C41 Pin 1 [Passive, Line]
[endpoint_off_grid]: Symbol pin or wire end off connection grid
    ; warning
    @(7280 mils, 3780 mils): Horizontal Wire, length 300 mils
[endpoint_off_grid]: Symbol pin or wire end off connection grid
    ; warning
    @(7280 mils, 5591 mils): Horizontal Wire, length 300 mils
[endpoint_off_grid]: Symbol pin or wire end off connection grid
    ; warning
    @(7280 mils, 5591 mils): Symbol C42 Pin 1 [Passive, Line]
[endpoint_off_grid]: Symbol pin or wire end off connection grid
    ; warning
    @(7280 mils, 7402 mils): Horizontal Wire, length 300 mils
[endpoint_off_grid]: Symbol pin or wire end off connection grid
    ; warning
    @(7680 mils, 1969 mils): Horizontal Wire, length 300 mils
[endpoint_off_grid]: Symbol pin or wire end off connection grid
    ; warning
    @(7680 mils, 1969 mils): Symbol C40 Pin 2 [Passive, Line]
[endpoint_off_grid]: Symbol pin or wire end off connection grid
    ; warning
    @(7680 mils, 3780 mils): Horizontal Wire, length 300 mils
[endpoint_off_grid]: Symbol pin or wire end off connection grid
    ; warning
    @(7680 mils, 5591 mils): Horizontal Wire, length 300 mils
[endpoint_off_grid]: Symbol pin or wire end off connection grid
    ; warning
    @(7680 mils, 7402 mils): Symbol C43 Pin 2 [Passive, Line]
[endpoint_off_grid]: Symbol pin or wire end off connection grid
    ; warning
    @(7680 mils, 7402 mils): Horizontal Wire, length 300 mils
[endpoint_off_grid]: Symbol pin or wire end off connection grid
    ; warning
    @(11808 mils, 1969 mils): Horizontal Wire, length 300 mils
[endpoint_off_grid]: Symbol pin or wire end off connection grid
    ; warning
    @(11808 mils, 3780 mils): Horizontal Wire, length 300 mils
[endpoint_off_grid]: Symbol pin or wire end off connection grid
    ; warning
    @(11808 mils, 5591 mils): Horizontal Wire, length 300 mils
[endpoint_off_grid]: Symbol pin or wire end off connection grid
    ; warning
    @(11808 mils, 5591 mils): Symbol D28 Pin 3 [MID, Passive, Line]
[endpoint_off_grid]: Symbol pin or wire end off connection grid
    ; warning
    @(11808 mils, 7402 mils): Symbol D29 Pin 3 [MID, Passive, Line]
[endpoint_off_grid]: Symbol pin or wire end off connection grid
    ; warning
    @(11808 mils, 7402 mils): Horizontal Wire, length 300 mils
[endpoint_off_grid]: Symbol pin or wire end off connection grid
    ; warning
    @(12995 mils, 1869 mils): Horizontal Wire, length 300 mils
[endpoint_off_grid]: Symbol pin or wire end off connection grid
    ; warning
    @(12995 mils, 1869 mils): Symbol D26 Pin 2 [K, Passive, Line]
[endpoint_off_grid]: Symbol pin or wire end off connection grid
    ; warning
    @(12995 mils, 2069 mils): Horizontal Wire, length 300 mils
[endpoint_off_grid]: Symbol pin or wire end off connection grid
    ; warning
    @(12995 mils, 3680 mils): Horizontal Wire, length 300 mils
[endpoint_off_grid]: Symbol pin or wire end off connection grid
    ; warning
    @(12995 mils, 3880 mils): Symbol D27 Pin 1 [A, Passive, Line]
[endpoint_off_grid]: Symbol pin or wire end off connection grid
    ; warning
    @(12995 mils, 3880 mils): Horizontal Wire, length 300 mils
[endpoint_off_grid]: Symbol pin or wire end off connection grid
    ; warning
    @(12995 mils, 5491 mils): Horizontal Wire, length 300 mils
[endpoint_off_grid]: Symbol pin or wire end off connection grid
    ; warning
    @(12995 mils, 5691 mils): Horizontal Wire, length 300 mils
[endpoint_off_grid]: Symbol pin or wire end off connection grid
    ; warning
    @(12995 mils, 7302 mils): Horizontal Wire, length 300 mils
[endpoint_off_grid]: Symbol pin or wire end off connection grid
    ; warning
    @(12995 mils, 7502 mils): Horizontal Wire, length 300 mils
[endpoint_off_grid]: Symbol pin or wire end off connection grid
    ; warning
    @(2556 mils, 2244 mils): Horizontal Wire, length 300 mils
[endpoint_off_grid]: Symbol pin or wire end off connection grid
    ; warning
    @(2556 mils, 2244 mils): Symbol R124 Pin 1 [Passive, Line]
[endpoint_off_grid]: Symbol pin or wire end off connection grid
    ; warning
    @(2556 mils, 4803 mils): Horizontal Wire, length 300 mils
[endpoint_off_grid]: Symbol pin or wire end off connection grid
    ; warning
    @(2556 mils, 4803 mils): Symbol R126 Pin 1 [Passive, Line]
[endpoint_off_grid]: Symbol pin or wire end off connection grid
    ; warning
    @(2556 mils, 7559 mils): Horizontal Wire, length 300 mils
[endpoint_off_grid]: Symbol pin or wire end off connection grid
    ; warning
    @(2556 mils, 8858 mils): Symbol R129 Pin 1 [Passive, Line]
[endpoint_off_grid]: Symbol pin or wire end off connection grid
    ; warning
    @(2556 mils, 8858 mils): Horizontal Wire, length 300 mils
[endpoint_off_grid]: Symbol pin or wire end off connection grid
    ; warning
    @(2956 mils, 2244 mils): Horizontal Wire, length 300 mils
[endpoint_off_grid]: Symbol pin or wire end off connection grid
    ; warning
    @(2956 mils, 4803 mils): Horizontal Wire, length 300 mils
[endpoint_off_grid]: Symbol pin or wire end off connection grid
    ; warning
    @(2956 mils, 7559 mils): Symbol R128 Pin 2 [Passive, Line]
[endpoint_off_grid]: Symbol pin or wire end off connection grid
    ; warning
    @(2956 mils, 7559 mils): Horizontal Wire, length 300 mils
[endpoint_off_grid]: Symbol pin or wire end off connection grid
    ; warning
    @(2956 mils, 8858 mils): Horizontal Wire, length 300 mils
[endpoint_off_grid]: Symbol pin or wire end off connection grid
    ; warning
    @(7280 mils, 2244 mils): Symbol R125 Pin 1 [Passive, Line]
[endpoint_off_grid]: Symbol pin or wire end off connection grid
    ; warning
    @(7280 mils, 2244 mils): Horizontal Wire, length 300 mils
[endpoint_off_grid]: Symbol pin or wire end off connection grid
    ; warning
    @(7280 mils, 3228 mils): Horizontal Wire, length 300 mils
[endpoint_off_grid]: Symbol pin or wire end off connection grid
    ; warning
    @(7280 mils, 3228 mils): Symbol D30 Pin 1 [K, Passive, Line]
[endpoint_off_grid]: Symbol pin or wire end off connection grid
    ; warning
    @(7280 mils, 4803 mils): Horizontal Wire, length 300 mils
[endpoint_off_grid]: Symbol pin or wire end off connection grid
    ; warning
    @(7280 mils, 4803 mils): Symbol R127 Pin 1 [Passive, Line]
[endpoint_off_grid]: Symbol pin or wire end off connection grid
    ; warning
    @(7280 mils, 5787 mils): Symbol D31 Pin 1 [K, Passive, Line]
[endpoint_off_grid]: Symbol pin or wire end off connection grid
    ; warning
    @(7280 mils, 5787 mils): Horizontal Wire, length 300 mils
[endpoint_off_grid]: Symbol pin or wire end off connection grid
    ; warning
    @(7280 mils, 8858 mils): Horizontal Wire, length 300 mils
[endpoint_off_grid]: Symbol pin or wire end off connection grid
    ; warning
    @(7680 mils, 2244 mils): Horizontal Wire, length 300 mils
[endpoint_off_grid]: Symbol pin or wire end off connection grid
    ; warning
    @(7680 mils, 3228 mils): Horizontal Wire, length 300 mils
[endpoint_off_grid]: Symbol pin or wire end off connection grid
    ; warning
    @(7680 mils, 4803 mils): Horizontal Wire, length 300 mils
[endpoint_off_grid]: Symbol pin or wire end off connection grid
    ; warning
    @(7680 mils, 5787 mils): Horizontal Wire, length 300 mils
[endpoint_off_grid]: Symbol pin or wire end off connection grid
    ; warning
    @(7680 mils, 8858 mils): Horizontal Wire, length 300 mils
[endpoint_off_grid]: Symbol pin or wire end off connection grid
    ; warning
    @(7680 mils, 8858 mils): Symbol R130 Pin 2 [Passive, Line]
[endpoint_off_grid]: Symbol pin or wire end off connection grid
    ; warning
    @(11414 mils, 2244 mils): Horizontal Wire, length 300 mils
[endpoint_off_grid]: Symbol pin or wire end off connection grid
    ; warning
    @(11414 mils, 4803 mils): Horizontal Wire, length 300 mils
[endpoint_off_grid]: Symbol pin or wire end off connection grid
    ; warning
    @(11808 mils, 8858 mils): Horizontal Wire, length 300 mils
[endpoint_off_grid]: Symbol pin or wire end off connection grid
    ; warning
    @(12995 mils, 8758 mils): Horizontal Wire, length 300 mils
[endpoint_off_grid]: Symbol pin or wire end off connection grid
    ; warning
    @(12995 mils, 8958 mils): Horizontal Wire, length 300 mils
[endpoint_off_grid]: Symbol pin or wire end off connection grid
    ; warning
    @(12995 mils, 8958 mils): Symbol D32 Pin 1 [A, Passive, Line]
[endpoint_off_grid]: Symbol pin or wire end off connection grid
    ; warning
    @(13389 mils, 2144 mils): Horizontal Wire, length 300 mils
[endpoint_off_grid]: Symbol pin or wire end off connection grid
    ; warning
    @(13389 mils, 2344 mils): Horizontal Wire, length 300 mils
[endpoint_off_grid]: Symbol pin or wire end off connection grid
    ; warning
    @(13389 mils, 2344 mils): Symbol Q30 Pin 2 [EMITTER, Passive, Line]
[endpoint_off_grid]: Symbol pin or wire end off connection grid
    ; warning
    @(13389 mils, 4703 mils): Horizontal Wire, length 300 mils
[endpoint_off_grid]: Symbol pin or wire end off connection grid
    ; warning
    @(13389 mils, 4903 mils): Horizontal Wire, length 300 mils
[endpoint_off_grid]: Symbol pin or wire end off connection grid
    ; warning
    @(13389 mils, 4903 mils): Symbol Q31 Pin 2 [EMITTER, Passive, Line]
[endpoint_off_grid]: Symbol pin or wire end off connection grid
    ; warning
    @(2753 mils, 5945 mils): Horizontal Wire, length 300 mils
[endpoint_off_grid]: Symbol pin or wire end off connection grid
    ; warning
    @(2753 mils, 5945 mils): Symbol R131 Pin 1 [Passive, Line]
[endpoint_off_grid]: Symbol pin or wire end off connection grid
    ; warning
    @(2753 mils, 7205 mils): Symbol R132 Pin 1 [Passive, Line]
[endpoint_off_grid]: Symbol pin or wire end off connection grid
    ; warning
    @(2753 mils, 7205 mils): Horizontal Wire, length 300 mils
[endpoint_off_grid]: Symbol pin or wire end off connection grid
    ; warning
    @(3153 mils, 5945 mils): Horizontal Wire, length 300 mils
[endpoint_off_grid]: Symbol pin or wire end off connection grid
    ; warning
    @(3153 mils, 7205 mils): Horizontal Wire, length 300 mils
[endpoint_off_grid]: Symbol pin or wire end off connection grid
    ; warning
    @(3816 mils, 2722 mils): Horizontal Wire, length 300 mils
[endpoint_off_grid]: Symbol pin or wire end off connection grid
    ; warning
    @(3816 mils, 2922 mils): Horizontal Wire, length 300 mils
[endpoint_off_grid]: Symbol pin or wire end off connection grid
    ; warning
    @(3816 mils, 3122 mils): Horizontal Wire, length 300 mils
[endpoint_off_grid]: Symbol pin or wire end off connection grid
    ; warning
    @(3816 mils, 3322 mils): Horizontal Wire, length 300 mils
[endpoint_off_grid]: Symbol pin or wire end off connection grid
    ; warning
    @(3816 mils, 3522 mils): Horizontal Wire, length 300 mils
[endpoint_off_grid]: Symbol pin or wire end off connection grid
    ; warning
    @(3816 mils, 3722 mils): Horizontal Wire, length 300 mils
[endpoint_off_grid]: Symbol pin or wire end off connection grid
    ; warning
    @(3816 mils, 3922 mils): Horizontal Wire, length 300 mils
[endpoint_off_grid]: Symbol pin or wire end off connection grid
    ; warning
    @(3816 mils, 4122 mils): Horizontal Wire, length 300 mils
[endpoint_off_grid]: Symbol pin or wire end off connection grid
    ; warning
    @(3816 mils, 4322 mils): Horizontal Wire, length 300 mils
[endpoint_off_grid]: Symbol pin or wire end off connection grid
    ; warning
    @(3816 mils, 4522 mils): Symbol J120 Pin 10 [TEMP, Passive, Line]
[endpoint_off_grid]: Symbol pin or wire end off connection grid
    ; warning
    @(3816 mils, 4522 mils): Horizontal Wire, length 300 mils
[endpoint_off_grid]: Symbol pin or wire end off connection grid
    ; warning
    @(6027 mils, 2722 mils): Horizontal Wire, length 300 mils
[endpoint_off_grid]: Symbol pin or wire end off connection grid
    ; warning
    @(6027 mils, 2922 mils): Horizontal Wire, length 300 mils
[endpoint_off_grid]: Symbol pin or wire end off connection grid
    ; warning
    @(6027 mils, 3122 mils): Horizontal Wire, length 300 mils
[endpoint_off_grid]: Symbol pin or wire end off connection grid
    ; warning
    @(6027 mils, 3322 mils): Horizontal Wire, length 300 mils
[endpoint_off_grid]: Symbol pin or wire end off connection grid
    ; warning
    @(6027 mils, 3522 mils): Horizontal Wire, length 300 mils
[endpoint_off_grid]: Symbol pin or wire end off connection grid
    ; warning
    @(6027 mils, 3722 mils): Horizontal Wire, length 300 mils
[endpoint_off_grid]: Symbol pin or wire end off connection grid
    ; warning
    @(6027 mils, 3922 mils): Horizontal Wire, length 300 mils
[endpoint_off_grid]: Symbol pin or wire end off connection grid
    ; warning
    @(6027 mils, 4122 mils): Horizontal Wire, length 300 mils
[endpoint_off_grid]: Symbol pin or wire end off connection grid
    ; warning
    @(6027 mils, 4322 mils): Horizontal Wire, length 300 mils
[endpoint_off_grid]: Symbol pin or wire end off connection grid
    ; warning
    @(12005 mils, 6142 mils): Horizontal Wire, length 300 mils
[endpoint_off_grid]: Symbol pin or wire end off connection grid
    ; warning
    @(12005 mils, 7520 mils): Horizontal Wire, length 300 mils
[endpoint_off_grid]: Symbol pin or wire end off connection grid
    ; warning
    @(12005 mils, 7520 mils): Symbol D33 Pin 1 [K, Passive, Line]
[endpoint_off_grid]: Symbol pin or wire end off connection grid
    ; warning
    @(12044 mils, 2083 mils): Horizontal Wire, length 300 mils
[endpoint_off_grid]: Symbol pin or wire end off connection grid
    ; warning
    @(12044 mils, 2283 mils): Horizontal Wire, length 300 mils
[endpoint_off_grid]: Symbol pin or wire end off connection grid
    ; warning
    @(12044 mils, 2283 mils): Symbol JP2 Pin 2 [COMMON, Passive, Line]
[endpoint_off_grid]: Symbol pin or wire end off connection grid
    ; warning
    @(12044 mils, 2483 mils): Horizontal Wire, length 300 mils
[endpoint_off_grid]: Symbol pin or wire end off connection grid
    ; warning
    @(12044 mils, 4052 mils): Horizontal Wire, length 300 mils
[endpoint_off_grid]: Symbol pin or wire end off connection grid
    ; warning
    @(12044 mils, 4052 mils): Symbol JP3 Pin 1 [A, Passive, Line]
[endpoint_off_grid]: Symbol pin or wire end off connection grid
    ; warning
    @(12044 mils, 4252 mils): Horizontal Wire, length 300 mils
[endpoint_off_grid]: Symbol pin or wire end off connection grid
    ; warning
    @(12044 mils, 4452 mils): Horizontal Wire, length 300 mils
[endpoint_off_grid]: Symbol pin or wire end off connection grid
    ; warning
    @(12405 mils, 6142 mils): Symbol R133 Pin 2 [Passive, Line]
[endpoint_off_grid]: Symbol pin or wire end off connection grid
    ; warning
    @(12405 mils, 6142 mils): Horizontal Wire, length 300 mils
[endpoint_off_grid]: Symbol pin or wire end off connection grid
    ; warning
    @(12405 mils, 7520 mils): Horizontal Wire, length 300 mils
[endpoint_off_grid]: Symbol pin or wire end off connection grid
    ; warning
    @(3225 mils, 2037 mils): Horizontal Wire, length 300 mils
[endpoint_off_grid]: Symbol pin or wire end off connection grid
    ; warning
    @(3225 mils, 2237 mils): Horizontal Wire, length 300 mils
[endpoint_off_grid]: Symbol pin or wire end off connection grid
    ; warning
    @(3225 mils, 2437 mils): Horizontal Wire, length 300 mils
[endpoint_off_grid]: Symbol pin or wire end off connection grid
    ; warning
    @(3225 mils, 2637 mils): Horizontal Wire, length 300 mils
[endpoint_off_grid]: Symbol pin or wire end off connection grid
    ; warning
    @(3225 mils, 2837 mils): Horizontal Wire, length 300 mils
[endpoint_off_grid]: Symbol pin or wire end off connection grid
    ; warning
    @(3225 mils, 3037 mils): Horizontal Wire, length 300 mils
[endpoint_off_grid]: Symbol pin or wire end off connection grid
    ; warning
    @(3225 mils, 3237 mils): Horizontal Wire, length 300 mils
[endpoint_off_grid]: Symbol pin or wire end off connection grid
    ; warning
    @(3225 mils, 3437 mils): Horizontal Wire, length 300 mils
[endpoint_off_grid]: Symbol pin or wire end off connection grid
    ; warning
    @(3225 mils, 3637 mils): Horizontal Wire, length 300 mils
[endpoint_off_grid]: Symbol pin or wire end off connection grid
    ; warning
    @(3225 mils, 3637 mils): Symbol J130 Pin 9 [LEGACY_INJ2, Passive, Line]
[endpoint_off_grid]: Symbol pin or wire end off connection grid
    ; warning
    @(3225 mils, 3837 mils): Horizontal Wire, length 300 mils
[endpoint_off_grid]: Symbol pin or wire end off connection grid
    ; warning
    @(3225 mils, 4037 mils): Horizontal Wire, length 300 mils
[endpoint_off_grid]: Symbol pin or wire end off connection grid
    ; warning
    @(3225 mils, 4237 mils): Horizontal Wire, length 300 mils
[endpoint_off_grid]: Symbol pin or wire end off connection grid
    ; warning
    @(3225 mils, 4437 mils): Horizontal Wire, length 300 mils
[endpoint_off_grid]: Symbol pin or wire end off connection grid
    ; warning
    @(3225 mils, 4637 mils): Horizontal Wire, length 300 mils
[endpoint_off_grid]: Symbol pin or wire end off connection grid
    ; warning
    @(3225 mils, 4837 mils): Horizontal Wire, length 300 mils
[endpoint_off_grid]: Symbol pin or wire end off connection grid
    ; warning
    @(3225 mils, 5037 mils): Horizontal Wire, length 300 mils
[endpoint_off_grid]: Symbol pin or wire end off connection grid
    ; warning
    @(3225 mils, 5237 mils): Horizontal Wire, length 300 mils
[endpoint_off_grid]: Symbol pin or wire end off connection grid
    ; warning
    @(3225 mils, 5437 mils): Horizontal Wire, length 300 mils
[endpoint_off_grid]: Symbol pin or wire end off connection grid
    ; warning
    @(3225 mils, 5637 mils): Horizontal Wire, length 300 mils
[endpoint_off_grid]: Symbol pin or wire end off connection grid
    ; warning
    @(3225 mils, 5837 mils): Horizontal Wire, length 300 mils
[endpoint_off_grid]: Symbol pin or wire end off connection grid
    ; warning
    @(11099 mils, 2837 mils): Horizontal Wire, length 300 mils
[endpoint_off_grid]: Symbol pin or wire end off connection grid
    ; warning
    @(11099 mils, 2837 mils): Symbol J131 Pin 1 [AUX_AN13, Passive, Line]
[endpoint_off_grid]: Symbol pin or wire end off connection grid
    ; warning
    @(11099 mils, 3037 mils): Horizontal Wire, length 300 mils
[endpoint_off_grid]: Symbol pin or wire end off connection grid
    ; warning
    @(11099 mils, 3237 mils): Horizontal Wire, length 300 mils
[endpoint_off_grid]: Symbol pin or wire end off connection grid
    ; warning
    @(11099 mils, 3437 mils): Horizontal Wire, length 300 mils
[endpoint_off_grid]: Symbol pin or wire end off connection grid
    ; warning
    @(11099 mils, 3637 mils): Horizontal Wire, length 300 mils
[endpoint_off_grid]: Symbol pin or wire end off connection grid
    ; warning
    @(11099 mils, 3837 mils): Horizontal Wire, length 300 mils
[endpoint_off_grid]: Symbol pin or wire end off connection grid
    ; warning
    @(11099 mils, 4037 mils): Horizontal Wire, length 300 mils
[endpoint_off_grid]: Symbol pin or wire end off connection grid
    ; warning
    @(11099 mils, 4237 mils): Horizontal Wire, length 300 mils
[endpoint_off_grid]: Symbol pin or wire end off connection grid
    ; warning
    @(11099 mils, 4437 mils): Horizontal Wire, length 300 mils
[endpoint_off_grid]: Symbol pin or wire end off connection grid
    ; warning
    @(11099 mils, 4637 mils): Horizontal Wire, length 300 mils
[endpoint_off_grid]: Symbol pin or wire end off connection grid
    ; warning
    @(11099 mils, 4837 mils): Horizontal Wire, length 300 mils
[endpoint_off_grid]: Symbol pin or wire end off connection grid
    ; warning
    @(11099 mils, 5037 mils): Horizontal Wire, length 300 mils
[endpoint_off_grid]: Symbol pin or wire end off connection grid
    ; warning
    @(3540 mils, 2443 mils): Horizontal Wire, length 300 mils
[endpoint_off_grid]: Symbol pin or wire end off connection grid
    ; warning
    @(3540 mils, 2643 mils): Horizontal Wire, length 300 mils
[endpoint_off_grid]: Symbol pin or wire end off connection grid
    ; warning
    @(3540 mils, 2843 mils): Horizontal Wire, length 300 mils
[endpoint_off_grid]: Symbol pin or wire end off connection grid
    ; warning
    @(3540 mils, 3043 mils): Horizontal Wire, length 300 mils
[endpoint_off_grid]: Symbol pin or wire end off connection grid
    ; warning
    @(3540 mils, 3243 mils): Horizontal Wire, length 300 mils
[endpoint_off_grid]: Symbol pin or wire end off connection grid
    ; warning
    @(3540 mils, 3443 mils): Horizontal Wire, length 300 mils
[endpoint_off_grid]: Symbol pin or wire end off connection grid
    ; warning
    @(3540 mils, 3443 mils): Symbol J140 Pin 6 [OCTANE_ADJUST, Passive, Line]
[endpoint_off_grid]: Symbol pin or wire end off connection grid
    ; warning
    @(3540 mils, 4043 mils): Horizontal Wire, length 300 mils
[endpoint_off_grid]: Symbol pin or wire end off connection grid
    ; warning
    @(3540 mils, 4243 mils): Horizontal Wire, length 300 mils
[endpoint_off_grid]: Symbol pin or wire end off connection grid
    ; warning
    @(3816 mils, 2801 mils): Horizontal Wire, length 300 mils
[endpoint_off_grid]: Symbol pin or wire end off connection grid
    ; warning
    @(3816 mils, 2801 mils): Symbol J121 Pin 1 [FUSED_12, Passive, Line]
[endpoint_off_grid]: Symbol pin or wire end off connection grid
    ; warning
    @(3816 mils, 3001 mils): Horizontal Wire, length 300 mils
[endpoint_off_grid]: Symbol pin or wire end off connection grid
    ; warning
    @(3816 mils, 3201 mils): Horizontal Wire, length 300 mils
[endpoint_off_grid]: Symbol pin or wire end off connection grid
    ; warning
    @(3816 mils, 3401 mils): Horizontal Wire, length 300 mils
[endpoint_off_grid]: Symbol pin or wire end off connection grid
    ; warning
    @(3816 mils, 3601 mils): Horizontal Wire, length 300 mils
[endpoint_off_grid]: Symbol pin or wire end off connection grid
    ; warning
    @(3816 mils, 3801 mils): Horizontal Wire, length 300 mils
[endpoint_off_grid]: Symbol pin or wire end off connection grid
    ; warning
    @(3816 mils, 4001 mils): Horizontal Wire, length 300 mils
[endpoint_off_grid]: Symbol pin or wire end off connection grid
    ; warning
    @(3816 mils, 4201 mils): Horizontal Wire, length 300 mils
[endpoint_off_grid]: Symbol pin or wire end off connection grid
    ; warning
    @(3816 mils, 4401 mils): Horizontal Wire, length 300 mils
[endpoint_off_grid]: Symbol pin or wire end off connection grid
    ; warning
    @(3816 mils, 4601 mils): Horizontal Wire, length 300 mils
[endpoint_off_grid]: Symbol pin or wire end off connection grid
    ; warning
    @(6027 mils, 2801 mils): Horizontal Wire, length 300 mils
[endpoint_off_grid]: Symbol pin or wire end off connection grid
    ; warning
    @(6027 mils, 3001 mils): Horizontal Wire, length 300 mils
[endpoint_off_grid]: Symbol pin or wire end off connection grid
    ; warning
    @(6027 mils, 3201 mils): Horizontal Wire, length 300 mils
[endpoint_off_grid]: Symbol pin or wire end off connection grid
    ; warning
    @(6027 mils, 3401 mils): Horizontal Wire, length 300 mils
[endpoint_off_grid]: Symbol pin or wire end off connection grid
    ; warning
    @(6027 mils, 3601 mils): Horizontal Wire, length 300 mils
[endpoint_off_grid]: Symbol pin or wire end off connection grid
    ; warning
    @(6027 mils, 3801 mils): Horizontal Wire, length 300 mils
[endpoint_off_grid]: Symbol pin or wire end off connection grid
    ; warning
    @(6027 mils, 4001 mils): Horizontal Wire, length 300 mils
[endpoint_off_grid]: Symbol pin or wire end off connection grid
    ; warning
    @(6027 mils, 4201 mils): Horizontal Wire, length 300 mils
[endpoint_off_grid]: Symbol pin or wire end off connection grid
    ; warning
    @(6027 mils, 4401 mils): Horizontal Wire, length 300 mils

***** Sheet /01 | Switched power and 5 V regulation/
[power_pin_not_driven]: Input Power pin not driven by any Output Power pins
    ; error
    @(2556 mils, 6711 mils): Symbol U1 Pin 1 [IN, Power input, Line]
[power_pin_not_driven]: Input Power pin not driven by any Output Power pins
    ; error
    @(2556 mils, 6911 mils): Symbol U1 Pin 2 [GND, Power input, Line]

***** Sheet /02 | Ground topology, reference rails and CAN/

***** Sheet /03 | Genuine MS3 daughtercard - 40-pin base socket/

***** Sheet /04 | Genuine MS3 expansion interfaces/

***** Sheet /05 | Factory Ford connector - cavities 1 to 52/

***** Sheet /06 | Factory Ford connector - cavities 53 to 104/

***** Sheet /07 | Engine temperature, throttle and oxygen inputs/

***** Sheet /08 | MS3X analogue inputs/

***** Sheet /09 | MAP sensor, battery measurement and spare ADC/
[power_pin_not_driven]: Input Power pin not driven by any Output Power pins
    ; error
    @(3146 mils, 2556 mils): Symbol U2 Pin 3 [VS, Power input, Line]
[power_pin_not_driven]: Input Power pin not driven by any Output Power pins
    ; error
    @(3146 mils, 2756 mils): Symbol U2 Pin 2 [GND, Power input, Line]

***** Sheet /10 | Factory crank VR conditioner/
[power_pin_not_driven]: Input Power pin not driven by any Output Power pins
    ; error
    @(13586 mils, 8643 mils): Symbol U3 Pin 8 [V+, Power input, Line]

***** Sheet /11 | Crank adjustment, phase selection and cam front end/

***** Sheet /12 | Cam zero-crossing comparator/

***** Sheet /13 | Sequential injectors A-D/
[power_pin_not_driven]: Input Power pin not driven by any Output Power pins
    ; error
    @(13389 mils, 1990 mils): Symbol Q5 Pin 3 [SOURCE, Power input, Line]

***** Sheet /14 | Sequential injectors E-H/

***** Sheet /15 | Eight buffered smart-coil signals/

***** Sheet /16 | Optional factory wasted-spark power stages/

***** Sheet /17 | Low-side auxiliary drivers - group 1/

***** Sheet /18 | Low-side auxiliary drivers - group 2/

***** Sheet /19 | Low-side auxiliary drivers - group 3/

***** Sheet /20 | Oxygen-sensor heater low-side stages/

***** Sheet /21 | Protected switch inputs/

***** Sheet /22 | Brake, A/C request and flex-fuel input/

***** Sheet /23 | External MicroSquirt transmission interface/

***** Sheet /24 | Service and spare feature headers/

***** Sheet /25 | Factory functions outside the implemented control scope/

***** Sheet /26 | ECM-shell pass-through to cabin MicroSquirt/

 ** ERC messages: 1005  Errors 6  Warnings 999

 ** Ignored checks:
    - Global label only appears once in the schematic
    - Four connection points are joined together
    - SPICE model issue
    - Assigned footprint doesn't match footprint filters
